0 verbose cli /usr/bin/node /usr/bin/npm
1 info using npm@9.2.0
2 info using node@v22.22.1
3 timing npm:load:whichnode Completed in 2ms
4 timing config:load:defaults Completed in 4ms
5 timing config:load:file:/usr/share/nodejs/npm/npmrc Completed in 13ms
6 timing config:load:builtin Completed in 13ms
7 timing config:load:cli Completed in 7ms
8 timing config:load:env Completed in 1ms
9 timing config:load:file:/root/projects/demo/immersivestudio/.npmrc Completed in 2ms
10 timing config:load:project Completed in 18ms
11 timing config:load:file:/root/.npmrc Completed in 0ms
12 timing config:load:user Completed in 1ms
13 timing config:load:file:/etc/npmrc Completed in 0ms
14 timing config:load:global Completed in 1ms
15 timing config:load:setEnvs Completed in 2ms
16 timing config:load Completed in 48ms
17 timing npm:load:configload Completed in 48ms
18 timing npm:load:mkdirpcache Completed in 2ms
19 timing npm:load:mkdirplogs Completed in 0ms
20 verbose title npm install
21 verbose argv "install" "--cache" "/root/projects/demo/immersivestudio/.npm-cache"
22 timing npm:load:setTitle Completed in 1ms
23 timing config:load:flatten Completed in 5ms
24 timing npm:load:display Completed in 7ms
25 verbose logfile logs-max:10 dir:/root/projects/demo/immersivestudio/.npm-cache/_logs/2026-09-22T21_42_53_823Z-
26 verbose logfile /root/projects/demo/immersivestudio/.npm-cache/_logs/2026-09-22T21_42_53_823Z-debug-0.log
27 timing npm:load:logFile Completed in 18ms
28 timing npm:load:timers Completed in 0ms
29 timing npm:load:configScope Completed in 0ms
30 timing npm:load Completed in 79ms
31 timing config:load:flatten Completed in 1ms
32 timing arborist:ctor Completed in 1ms
33 silly logfile done cleaning log files
34 timing arborist:ctor Completed in 1ms
35 timing idealTree:init Completed in 36ms
36 timing idealTree:userRequests Completed in 0ms
37 silly idealTree buildDeps
38 silly fetch manifest canvas-confetti@^1.9.4
39 http fetch GET 200 https://registry.npmjs.org/canvas-confetti 645ms (cache miss)
40 silly fetch manifest clsx@^2.1.1
41 http fetch GET 200 https://registry.npmjs.org/clsx 164ms (cache miss)
42 silly fetch manifest framer-motion@^11.18.2
43 http fetch GET 200 https://registry.npmjs.org/framer-motion 676ms (cache miss)
44 silly fetch manifest @emotion/is-prop-valid@*
45 http fetch GET 200 https://registry.npmjs.org/@emotion%2fis-prop-valid 145ms (cache miss)
46 silly fetch manifest react@^18.3.1
47 http fetch GET 200 https://registry.npmjs.org/react 247ms (cache miss)
48 silly fetch manifest react-dom@^18.3.1
49 http fetch GET 200 https://registry.npmjs.org/react-dom 239ms (cache miss)
50 silly fetch manifest lucide-react@^0.475.0
51 http fetch GET 200 https://registry.npmjs.org/lucide-react 134ms (cache miss)
52 silly fetch manifest tailwind-merge@^2.6.0
53 http fetch GET 200 https://registry.npmjs.org/tailwind-merge 165ms (cache miss)
54 silly fetch manifest @types/canvas-confetti@^1.9.0
55 http fetch GET 200 https://registry.npmjs.org/@types%2fcanvas-confetti 141ms (cache miss)
56 silly fetch manifest @types/react@^18.3.18
57 http fetch GET 200 https://registry.npmjs.org/@types%2freact 155ms (cache miss)
58 silly fetch manifest @types/react-dom@^18.3.5
59 http fetch GET 200 https://registry.npmjs.org/@types%2freact-dom 478ms (cache miss)
60 silly fetch manifest @vitejs/plugin-react@^4.3.4
61 http fetch GET 200 https://registry.npmjs.org/@vitejs%2fplugin-react 87ms (cache miss)
62 silly fetch manifest vite@^5.4.14
63 http fetch GET 200 https://registry.npmjs.org/vite 150ms (cache miss)
64 silly fetch manifest @types/node@^18.0.0 || >=20.0.0
65 http fetch GET 200 https://registry.npmjs.org/@types%2fnode 205ms (cache miss)
66 silly fetch manifest less@*
67 http fetch GET 200 https://registry.npmjs.org/less 99ms (cache miss)
68 silly fetch manifest lightningcss@^1.21.0
69 http fetch GET 200 https://registry.npmjs.org/lightningcss 109ms (cache miss)
70 silly fetch manifest sass@*
71 http fetch GET 200 https://registry.npmjs.org/sass 95ms (cache miss)
72 silly fetch manifest sass-embedded@*
73 http fetch GET 200 https://registry.npmjs.org/sass-embedded 90ms (cache miss)
74 silly fetch manifest stylus@*
75 http fetch GET 200 https://registry.npmjs.org/stylus 109ms (cache miss)
76 silly fetch manifest sugarss@*
77 http fetch GET 200 https://registry.npmjs.org/sugarss 88ms (cache miss)
78 silly fetch manifest postcss@^8.5.1
79 http fetch GET 200 https://registry.npmjs.org/postcss 139ms (cache miss)
80 silly fetch manifest terser@^5.4.0
81 http fetch GET 200 https://registry.npmjs.org/terser 176ms (cache miss)
82 silly fetch manifest autoprefixer@^10.4.20
83 http fetch GET 200 https://registry.npmjs.org/autoprefixer 87ms (cache miss)
84 silly fetch manifest tailwindcss@^3.4.17
85 http fetch GET 200 https://registry.npmjs.org/tailwindcss 264ms (cache miss)
86 silly fetch manifest typescript@^5.7.3
87 http fetch GET 200 https://registry.npmjs.org/typescript 430ms (cache miss)
88 silly placeDep ROOT @types/canvas-confetti@1.9.0 OK for: immersivestudio@1.0.0 want: ^1.9.0
89 silly placeDep ROOT @types/react@18.3.31 OK for: immersivestudio@1.0.0 want: ^18.3.18
90 silly placeDep ROOT @types/react-dom@18.3.7 OK for: immersivestudio@1.0.0 want: ^18.3.5
91 silly placeDep ROOT @vitejs/plugin-react@4.7.0 OK for: immersivestudio@1.0.0 want: ^4.3.4
92 silly placeDep ROOT vite@5.4.21 OK for: @vitejs/plugin-react@4.7.0 want: ^4.2.0 || ^5.0.0 || ^6.0.0 || ^7.0.0
93 silly placeDep ROOT autoprefixer@10.6.1 OK for: immersivestudio@1.0.0 want: ^10.4.20
94 silly placeDep ROOT postcss@8.5.28 OK for: autoprefixer@10.6.1 want: ^8.1.0
95 silly placeDep ROOT canvas-confetti@1.9.4 OK for: immersivestudio@1.0.0 want: ^1.9.4
96 silly placeDep ROOT clsx@2.1.1 OK for: immersivestudio@1.0.0 want: ^2.1.1
97 silly placeDep ROOT framer-motion@11.18.2 OK for: immersivestudio@1.0.0 want: ^11.18.2
98 silly placeDep ROOT lucide-react@0.475.0 OK for: immersivestudio@1.0.0 want: ^0.475.0
99 silly placeDep ROOT react@18.3.1 OK for: lucide-react@0.475.0 want: ^16.5.1 || ^17.0.0 || ^18.0.0 || ^19.0.0
100 silly placeDep ROOT react-dom@18.3.1 OK for: immersivestudio@1.0.0 want: ^18.3.1
101 silly placeDep ROOT tailwind-merge@2.6.1 OK for: immersivestudio@1.0.0 want: ^2.6.0
102 silly placeDep ROOT tailwindcss@3.4.19 OK for: immersivestudio@1.0.0 want: ^3.4.17
103 silly placeDep ROOT typescript@5.9.3 OK for: immersivestudio@1.0.0 want: ^5.7.3
104 silly fetch manifest csstype@^3.2.2
105 silly fetch manifest @types/prop-types@*
106 silly fetch manifest @babel/core@^7.28.0
107 silly fetch manifest react-refresh@^0.17.0
108 silly fetch manifest @types/babel__core@^7.20.5
109 silly fetch manifest @rolldown/pluginutils@1.0.0-beta.27
110 silly fetch manifest @babel/plugin-transform-react-jsx-self@^7.27.1
111 silly fetch manifest @babel/plugin-transform-react-jsx-source@^7.27.1
112 silly fetch manifest rollup@^4.20.0
113 silly fetch manifest esbuild@^0.21.3
114 silly fetch manifest fsevents@~2.3.3
115 silly fetch manifest picocolors@^1.1.1
116 silly fetch manifest fraction.js@^5.3.4
117 silly fetch manifest browserslist@^4.28.9
118 silly fetch manifest caniuse-lite@^1.0.30001810
119 silly fetch manifest postcss-value-parser@^4.2.0
120 silly fetch manifest nanoid@^3.3.18
121 silly fetch manifest source-map-js@^1.2.1
122 silly fetch manifest tslib@^2.4.0
123 silly fetch manifest motion-dom@^11.18.1
124 silly fetch manifest motion-utils@^11.18.1
125 silly fetch manifest loose-envify@^1.1.0
126 silly fetch manifest scheduler@^0.23.2
127 silly fetch manifest arg@^5.0.2
128 silly fetch manifest dlv@^1.1.3
129 silly fetch manifest jiti@^1.21.7
130 silly fetch manifest is-glob@^4.0.3
131 silly fetch manifest resolve@^1.22.8
132 silly fetch manifest sucrase@^3.35.0
133 silly fetch manifest chokidar@^3.6.0
134 silly fetch manifest fast-glob@^3.3.2
135 silly fetch manifest lilconfig@^3.1.3
136 silly fetch manifest didyoumean@^1.2.2
137 silly fetch manifest micromatch@^4.0.8
138 silly fetch manifest postcss-js@^4.0.1
139 silly fetch manifest glob-parent@^6.0.2
140 silly fetch manifest object-hash@^3.0.0
141 silly fetch manifest normalize-path@^3.0.0
142 silly fetch manifest postcss-import@^15.1.0
143 silly fetch manifest postcss-nested@^6.2.0
144 silly fetch manifest @alloc/quick-lru@^5.2.0
145 silly fetch manifest postcss-load-config@^4.0.2 || ^5.0 || ^6.0
146 silly fetch manifest postcss-selector-parser@^6.1.2
147 http fetch GET 200 https://registry.npmjs.org/picocolors 567ms (cache miss)
148 http fetch GET 200 https://registry.npmjs.org/dlv 611ms (cache miss)
149 http fetch GET 200 https://registry.npmjs.org/loose-envify 634ms (cache miss)
150 http fetch GET 200 https://registry.npmjs.org/source-map-js 682ms (cache miss)
151 http fetch GET 200 https://registry.npmjs.org/postcss-js 680ms (cache miss)
152 http fetch GET 200 https://registry.npmjs.org/lilconfig 734ms (cache miss)
153 http fetch GET 200 https://registry.npmjs.org/normalize-path 733ms (cache miss)
154 http fetch GET 200 https://registry.npmjs.org/@types%2fprop-types 761ms (cache miss)
155 http fetch GET 200 https://registry.npmjs.org/is-glob 758ms (cache miss)
156 http fetch GET 200 https://registry.npmjs.org/object-hash 756ms (cache miss)
157 http fetch GET 200 https://registry.npmjs.org/postcss-value-parser 777ms (cache miss)
158 http fetch GET 200 https://registry.npmjs.org/fast-glob 773ms (cache miss)
159 http fetch GET 200 https://registry.npmjs.org/arg 788ms (cache miss)
160 http fetch GET 200 https://registry.npmjs.org/postcss-import 787ms (cache miss)
161 http fetch GET 200 https://registry.npmjs.org/postcss-load-config 788ms (cache miss)
162 http fetch GET 200 https://registry.npmjs.org/postcss-nested 791ms (cache miss)
163 http fetch GET 200 https://registry.npmjs.org/glob-parent 795ms (cache miss)
164 http fetch GET 200 https://registry.npmjs.org/chokidar 804ms (cache miss)
165 http fetch GET 200 https://registry.npmjs.org/micromatch 806ms (cache miss)
166 http fetch GET 200 https://registry.npmjs.org/tslib 837ms (cache miss)
167 http fetch GET 200 https://registry.npmjs.org/resolve 832ms (cache miss)
168 http fetch GET 200 https://registry.npmjs.org/sucrase 835ms (cache miss)
169 http fetch GET 200 https://registry.npmjs.org/csstype 854ms (cache miss)
170 http fetch GET 200 https://registry.npmjs.org/@types%2fbabel__core 867ms (cache miss)
171 http fetch GET 200 https://registry.npmjs.org/postcss-selector-parser 852ms (cache miss)
172 http fetch GET 200 https://registry.npmjs.org/@rolldown%2fpluginutils 892ms (cache miss)
173 http fetch GET 200 https://registry.npmjs.org/didyoumean 894ms (cache miss)
174 http fetch GET 200 https://registry.npmjs.org/motion-dom 906ms (cache miss)
175 http fetch GET 200 https://registry.npmjs.org/fsevents 924ms (cache miss)
176 http fetch GET 200 https://registry.npmjs.org/fraction.js 927ms (cache miss)
177 http fetch GET 200 https://registry.npmjs.org/@alloc%2fquick-lru 923ms (cache miss)
178 http fetch GET 200 https://registry.npmjs.org/motion-utils 938ms (cache miss)
179 http fetch GET 200 https://registry.npmjs.org/@babel%2fplugin-transform-react-jsx-self 957ms (cache miss)
180 http fetch GET 200 https://registry.npmjs.org/nanoid 975ms (cache miss)
181 http fetch GET 200 https://registry.npmjs.org/@babel%2fplugin-transform-react-jsx-source 1009ms (cache miss)
182 http fetch GET 200 https://registry.npmjs.org/jiti 1001ms (cache miss)
183 http fetch GET 200 https://registry.npmjs.org/browserslist 1052ms (cache miss)
184 http fetch GET 200 https://registry.npmjs.org/@babel%2fcore 1088ms (cache miss)
185 http fetch GET 200 https://registry.npmjs.org/esbuild 1195ms (cache miss)
186 http fetch GET 200 https://registry.npmjs.org/caniuse-lite 1247ms (cache miss)
187 http fetch GET 200 https://registry.npmjs.org/rollup 1366ms (cache miss)
188 http fetch GET 200 https://registry.npmjs.org/scheduler 1431ms (cache miss)
189 http fetch GET 200 https://registry.npmjs.org/react-refresh 1514ms (cache miss)
190 timing idealTree:#root Completed in 7534ms
191 timing idealTree:node_modules/@types/canvas-confetti Completed in 0ms
192 silly placeDep ROOT @types/prop-types@15.7.15 OK for: @types/react@18.3.31 want: *
193 silly placeDep ROOT csstype@3.2.3 OK for: @types/react@18.3.31 want: ^3.2.2
194 timing idealTree:node_modules/@types/react Completed in 6ms
195 timing idealTree:node_modules/@types/prop-types Completed in 1ms
196 timing idealTree:node_modules/@types/react-dom Completed in 0ms
197 silly placeDep ROOT @babel/core@7.29.7 OK for: @vitejs/plugin-react@4.7.0 want: ^7.28.0
198 silly placeDep ROOT @babel/plugin-transform-react-jsx-self@7.29.7 OK for: @vitejs/plugin-react@4.7.0 want: ^7.27.1
199 silly placeDep ROOT @babel/plugin-transform-react-jsx-source@7.29.7 OK for: @vitejs/plugin-react@4.7.0 want: ^7.27.1
200 silly placeDep ROOT @rolldown/pluginutils@1.0.0-beta.27 OK for: @vitejs/plugin-react@4.7.0 want: 1.0.0-beta.27
201 silly placeDep ROOT @types/babel__core@7.20.5 OK for: @vitejs/plugin-react@4.7.0 want: ^7.20.5
202 silly placeDep ROOT react-refresh@0.17.0 OK for: @vitejs/plugin-react@4.7.0 want: ^0.17.0
203 silly fetch manifest debug@^4.1.0
204 silly fetch manifest json5@^2.2.3
205 silly fetch manifest semver@^6.3.1
206 silly fetch manifest gensync@^1.0.0-beta.2
207 silly fetch manifest @babel/types@^7.29.7
208 silly fetch manifest @babel/parser@^7.29.7
209 silly fetch manifest @babel/helpers@^7.29.7
210 silly fetch manifest @babel/template@^7.29.7
211 silly fetch manifest @babel/traverse@^7.29.7
212 silly fetch manifest @babel/generator@^7.29.7
213 silly fetch manifest @babel/code-frame@^7.29.7
214 silly fetch manifest convert-source-map@^2.0.0
215 silly fetch manifest @jridgewell/remapping@^2.3.5
216 silly fetch manifest @babel/helper-module-transforms@^7.29.7
217 silly fetch manifest @babel/helper-compilation-targets@^7.29.7
218 silly fetch manifest @babel/helper-plugin-utils@^7.29.7
219 silly fetch manifest @babel/types@^7.20.7
220 silly fetch manifest @babel/parser@^7.20.7
221 silly fetch manifest @types/babel__template@*
222 silly fetch manifest @types/babel__traverse@*
223 silly fetch manifest @types/babel__generator@*
224 http fetch GET 200 https://registry.npmjs.org/debug 189ms (cache miss)
225 http fetch GET 200 https://registry.npmjs.org/json5 225ms (cache miss)
226 http fetch GET 200 https://registry.npmjs.org/@jridgewell%2fremapping 227ms (cache miss)
227 http fetch GET 200 https://registry.npmjs.org/semver 239ms (cache miss)
228 http fetch GET 200 https://registry.npmjs.org/convert-source-map 237ms (cache miss)
229 http fetch GET 200 https://registry.npmjs.org/@types%2fbabel__traverse 253ms (cache miss)
230 http fetch GET 200 https://registry.npmjs.org/@babel%2fcode-frame 269ms (cache miss)
231 http fetch GET 200 https://registry.npmjs.org/@babel%2fhelper-compilation-targets 276ms (cache miss)
232 http fetch GET 200 https://registry.npmjs.org/@babel%2ftypes 320ms (cache miss)
233 http fetch GET 200 https://registry.npmjs.org/@babel%2fgenerator 341ms (cache miss)
234 http fetch GET 200 https://registry.npmjs.org/@babel%2ftraverse 346ms (cache miss)
235 http fetch GET 200 https://registry.npmjs.org/@babel%2ftemplate 356ms (cache miss)
236 http fetch GET 200 https://registry.npmjs.org/@babel%2fhelper-module-transforms 359ms (cache miss)
237 http fetch GET 200 https://registry.npmjs.org/@babel%2fparser 361ms (cache miss)
238 http fetch GET 200 https://registry.npmjs.org/@babel%2fparser 374ms (cache miss)
239 http fetch GET 200 https://registry.npmjs.org/@babel%2ftypes 377ms (cache miss)
240 http fetch GET 200 https://registry.npmjs.org/gensync 418ms (cache miss)
241 http fetch GET 200 https://registry.npmjs.org/@types%2fbabel__template 414ms (cache miss)
242 http fetch GET 200 https://registry.npmjs.org/@babel%2fhelper-plugin-utils 418ms (cache miss)
243 http fetch GET 200 https://registry.npmjs.org/@babel%2fhelpers 427ms (cache miss)
244 http fetch GET 200 https://registry.npmjs.org/@types%2fbabel__generator 719ms (cache miss)
245 timing idealTree:node_modules/@vitejs/plugin-react Completed in 750ms
246 silly fetch manifest @babel/core@^7.0.0
247 silly placeDep ROOT @babel/code-frame@7.29.7 OK for: @babel/core@7.29.7 want: ^7.29.7
248 silly placeDep ROOT @babel/generator@7.29.8 OK for: @babel/core@7.29.7 want: ^7.29.7
249 silly placeDep ROOT @babel/helper-compilation-targets@7.29.7 OK for: @babel/core@7.29.7 want: ^7.29.7
250 silly placeDep ROOT @babel/helper-module-transforms@7.29.7 OK for: @babel/core@7.29.7 want: ^7.29.7
251 silly placeDep ROOT @babel/helpers@7.29.7 OK for: @babel/core@7.29.7 want: ^7.29.7
252 silly placeDep ROOT @babel/parser@7.29.9 OK for: @babel/core@7.29.7 want: ^7.29.7
253 silly placeDep ROOT @babel/template@7.29.7 OK for: @babel/core@7.29.7 want: ^7.29.7
254 silly placeDep ROOT @babel/traverse@7.29.8 OK for: @babel/core@7.29.7 want: ^7.29.7
255 silly placeDep ROOT @babel/types@7.29.8 OK for: @babel/core@7.29.7 want: ^7.29.7
256 silly placeDep ROOT @jridgewell/remapping@2.3.5 OK for: @babel/core@7.29.7 want: ^2.3.5
257 silly placeDep ROOT convert-source-map@2.0.0 OK for: @babel/core@7.29.7 want: ^2.0.0
258 silly placeDep ROOT debug@4.4.3 OK for: @babel/core@7.29.7 want: ^4.1.0
259 silly placeDep ROOT gensync@1.0.0-beta.2 OK for: @babel/core@7.29.7 want: ^1.0.0-beta.2
260 silly placeDep ROOT json5@2.2.3 OK for: @babel/core@7.29.7 want: ^2.2.3
261 silly placeDep ROOT semver@6.3.1 OK for: @babel/core@7.29.7 want: ^6.3.1
262 silly fetch manifest js-tokens@^4.0.0
263 silly fetch manifest @babel/helper-validator-identifier@^7.29.7
264 silly fetch manifest jsesc@^3.0.2
265 silly fetch manifest @jridgewell/gen-mapping@^0.3.12
266 silly fetch manifest @jridgewell/trace-mapping@^0.3.28
267 silly fetch manifest lru-cache@^5.1.1
268 silly fetch manifest browserslist@^4.24.0
269 silly fetch manifest @babel/compat-data@^7.29.7
270 silly fetch manifest @babel/helper-validator-option@^7.29.7
271 silly fetch manifest @babel/helper-module-imports@^7.29.7
272 silly fetch manifest @babel/helper-globals@^7.29.7
273 silly fetch manifest @babel/helper-string-parser@^7.29.7
274 silly fetch manifest @jridgewell/gen-mapping@^0.3.5
275 silly fetch manifest @jridgewell/trace-mapping@^0.3.24
276 silly fetch manifest ms@^2.1.3
277 http fetch GET 200 https://registry.npmjs.org/@babel%2fhelper-validator-option 217ms (cache miss)
278 http fetch GET 200 https://registry.npmjs.org/js-tokens 223ms (cache miss)
279 http fetch GET 200 https://registry.npmjs.org/jsesc 226ms (cache miss)
280 http fetch GET 200 https://registry.npmjs.org/ms 222ms (cache miss)
281 http fetch GET 200 https://registry.npmjs.org/@jridgewell%2fgen-mapping 231ms (cache miss)
282 http fetch GET 200 https://registry.npmjs.org/@babel%2fhelper-validator-identifier 234ms (cache miss)
283 http fetch GET 200 https://registry.npmjs.org/@babel%2fhelper-string-parser 231ms (cache miss)
284 http fetch GET 200 https://registry.npmjs.org/@jridgewell%2fgen-mapping 232ms (cache miss)
285 http fetch GET 200 https://registry.npmjs.org/@babel%2fhelper-module-imports 243ms (cache miss)
286 http fetch GET 200 https://registry.npmjs.org/@babel%2fcompat-data 249ms (cache miss)
287 http fetch GET 200 https://registry.npmjs.org/@jridgewell%2ftrace-mapping 253ms (cache miss)
288 http fetch GET 200 https://registry.npmjs.org/lru-cache 256ms (cache miss)
289 http fetch GET 200 https://registry.npmjs.org/@babel%2fhelper-globals 334ms (cache miss)
290 http fetch GET 200 https://registry.npmjs.org/@jridgewell%2ftrace-mapping 334ms (cache miss)
291 timing idealTree:node_modules/@babel/core Completed in 393ms
292 silly placeDep ROOT @babel/helper-validator-identifier@7.29.7 OK for: @babel/code-frame@7.29.7 want: ^7.29.7
293 silly placeDep ROOT js-tokens@4.0.0 OK for: @babel/code-frame@7.29.7 want: ^4.0.0
294 silly placeDep ROOT picocolors@1.1.1 OK for: @babel/code-frame@7.29.7 want: ^1.1.1
295 timing idealTree:node_modules/@babel/code-frame Completed in 8ms
296 silly placeDep ROOT @jridgewell/gen-mapping@0.3.13 OK for: @babel/generator@7.29.8 want: ^0.3.12
297 silly placeDep ROOT @jridgewell/trace-mapping@0.3.31 OK for: @babel/generator@7.29.8 want: ^0.3.28
298 silly placeDep ROOT jsesc@3.1.0 OK for: @babel/generator@7.29.8 want: ^3.0.2
299 silly fetch manifest @jridgewell/sourcemap-codec@^1.5.0
300 silly fetch manifest @jridgewell/resolve-uri@^3.1.0
301 silly fetch manifest @jridgewell/sourcemap-codec@^1.4.14
302 http fetch GET 200 https://registry.npmjs.org/@jridgewell%2fresolve-uri 93ms (cache miss)
303 http fetch GET 200 https://registry.npmjs.org/@jridgewell%2fsourcemap-codec 96ms (cache miss)
304 http fetch GET 200 https://registry.npmjs.org/@jridgewell%2fsourcemap-codec 95ms (cache miss)
305 timing idealTree:node_modules/@babel/generator Completed in 105ms
306 silly placeDep ROOT @babel/compat-data@7.29.7 OK for: @babel/helper-compilation-targets@7.29.7 want: ^7.29.7
307 silly placeDep ROOT @babel/helper-validator-option@7.29.7 OK for: @babel/helper-compilation-targets@7.29.7 want: ^7.29.7
308 silly placeDep ROOT browserslist@4.29.0 OK for: @babel/helper-compilation-targets@7.29.7 want: ^4.24.0
309 silly placeDep ROOT lru-cache@5.1.1 OK for: @babel/helper-compilation-targets@7.29.7 want: ^5.1.1
310 silly fetch manifest node-releases@^2.0.55
311 silly fetch manifest electron-to-chromium@^1.5.427
312 silly fetch manifest update-browserslist-db@^1.3.3
313 silly fetch manifest baseline-browser-mapping@^2.11.23
314 silly fetch manifest yallist@^3.0.2
315 http fetch GET 200 https://registry.npmjs.org/yallist 104ms (cache miss)
316 http fetch GET 200 https://registry.npmjs.org/update-browserslist-db 111ms (cache miss)
317 http fetch GET 200 https://registry.npmjs.org/baseline-browser-mapping 137ms (cache miss)
318 http fetch GET 200 https://registry.npmjs.org/node-releases 147ms (cache miss)
319 http fetch GET 200 https://registry.npmjs.org/electron-to-chromium 309ms (cache miss)
320 timing idealTree:node_modules/@babel/helper-compilation-targets Completed in 331ms
321 timing idealTree:node_modules/@babel/compat-data Completed in 0ms
322 silly placeDep ROOT @babel/helper-module-imports@7.29.7 OK for: @babel/helper-module-transforms@7.29.7 want: ^7.29.7
323 timing idealTree:node_modules/@babel/helper-module-transforms Completed in 3ms
324 timing idealTree:node_modules/@babel/helper-module-imports Completed in 0ms
325 timing idealTree:node_modules/@babel/helper-validator-identifier Completed in 0ms
326 timing idealTree:node_modules/@babel/helper-validator-option Completed in 0ms
327 timing idealTree:node_modules/@babel/helpers Completed in 0ms
328 timing idealTree:node_modules/@babel/parser Completed in 0ms
329 silly placeDep ROOT @babel/helper-plugin-utils@7.29.7 OK for: @babel/plugin-transform-react-jsx-self@7.29.7 want: ^7.29.7
330 timing idealTree:node_modules/@babel/plugin-transform-react-jsx-self Completed in 3ms
331 timing idealTree:node_modules/@babel/helper-plugin-utils Completed in 0ms
332 timing idealTree:node_modules/@babel/plugin-transform-react-jsx-source Completed in 0ms
333 timing idealTree:node_modules/@babel/template Completed in 0ms
334 silly placeDep ROOT @babel/helper-globals@7.29.7 OK for: @babel/traverse@7.29.8 want: ^7.29.7
335 timing idealTree:node_modules/@babel/traverse Completed in 2ms
336 timing idealTree:node_modules/@babel/helper-globals Completed in 0ms
337 silly placeDep ROOT @babel/helper-string-parser@7.29.7 OK for: @babel/types@7.29.8 want: ^7.29.7
338 timing idealTree:node_modules/@babel/types Completed in 2ms
339 timing idealTree:node_modules/@babel/helper-string-parser Completed in 0ms
340 silly placeDep ROOT @jridgewell/sourcemap-codec@1.6.0 OK for: @jridgewell/gen-mapping@0.3.13 want: ^1.5.0
341 timing idealTree:node_modules/@jridgewell/gen-mapping Completed in 3ms
342 timing idealTree:node_modules/@jridgewell/remapping Completed in 0ms
343 timing idealTree:node_modules/@jridgewell/sourcemap-codec Completed in 0ms
344 silly placeDep ROOT @jridgewell/resolve-uri@3.1.2 OK for: @jridgewell/trace-mapping@0.3.31 want: ^3.1.0
345 timing idealTree:node_modules/@jridgewell/trace-mapping Completed in 2ms
346 timing idealTree:node_modules/@jridgewell/resolve-uri Completed in 0ms
347 timing idealTree:node_modules/@rolldown/pluginutils Completed in 0ms
348 silly placeDep ROOT @types/babel__generator@7.27.0 OK for: @types/babel__core@7.20.5 want: *
349 silly placeDep ROOT @types/babel__template@7.4.4 OK for: @types/babel__core@7.20.5 want: *
350 silly placeDep ROOT @types/babel__traverse@7.28.0 OK for: @types/babel__core@7.20.5 want: *
351 timing idealTree:node_modules/@types/babel__core Completed in 6ms
352 timing idealTree:node_modules/@types/babel__generator Completed in 1ms
353 timing idealTree:node_modules/@types/babel__template Completed in 0ms
354 timing idealTree:node_modules/@types/babel__traverse Completed in 0ms
355 silly placeDep ROOT caniuse-lite@1.0.30001810 OK for: autoprefixer@10.6.1 want: ^1.0.30001810
356 silly placeDep ROOT fraction.js@5.3.4 OK for: autoprefixer@10.6.1 want: ^5.3.4
357 silly placeDep ROOT postcss-value-parser@4.2.0 OK for: autoprefixer@10.6.1 want: ^4.2.0
358 timing idealTree:node_modules/autoprefixer Completed in 5ms
359 silly fetch manifest browserslist@>= 4.21.0
360 silly placeDep ROOT baseline-browser-mapping@2.11.25 OK for: browserslist@4.29.0 want: ^2.11.23
361 silly placeDep ROOT electron-to-chromium@1.5.434 OK for: browserslist@4.29.0 want: ^1.5.427
362 silly placeDep ROOT node-releases@2.0.56 OK for: browserslist@4.29.0 want: ^2.0.55
363 silly placeDep ROOT update-browserslist-db@1.3.3 OK for: browserslist@4.29.0 want: ^1.3.3
364 silly fetch manifest escalade@^3.2.0
365 http fetch GET 200 https://registry.npmjs.org/escalade 128ms (cache miss)
366 timing idealTree:node_modules/browserslist Completed in 143ms
367 timing idealTree:node_modules/baseline-browser-mapping Completed in 0ms
368 timing idealTree:node_modules/caniuse-lite Completed in 0ms
369 timing idealTree:node_modules/canvas-confetti Completed in 0ms
370 timing idealTree:node_modules/clsx Completed in 0ms
371 timing idealTree:node_modules/convert-source-map Completed in 0ms
372 timing idealTree:node_modules/csstype Completed in 0ms
373 silly placeDep ROOT ms@2.1.3 OK for: debug@4.4.3 want: ^2.1.3
374 timing idealTree:node_modules/debug Completed in 3ms
375 timing idealTree:node_modules/electron-to-chromium Completed in 0ms
376 timing idealTree:node_modules/fraction.js Completed in 0ms
377 silly placeDep ROOT motion-dom@11.18.1 OK for: framer-motion@11.18.2 want: ^11.18.1
378 silly placeDep ROOT motion-utils@11.18.1 OK for: framer-motion@11.18.2 want: ^11.18.1
379 silly placeDep ROOT tslib@2.8.1 OK for: framer-motion@11.18.2 want: ^2.4.0
380 timing idealTree:node_modules/framer-motion Completed in 6ms
381 timing idealTree:node_modules/gensync Completed in 0ms
382 timing idealTree:node_modules/js-tokens Completed in 0ms
383 timing idealTree:node_modules/jsesc Completed in 0ms
384 timing idealTree:node_modules/json5 Completed in 0ms
385 silly placeDep ROOT yallist@3.1.1 OK for: lru-cache@5.1.1 want: ^3.0.2
386 timing idealTree:node_modules/lru-cache Completed in 2ms
387 timing idealTree:node_modules/lucide-react Completed in 0ms
388 timing idealTree:node_modules/motion-dom Completed in 0ms
389 timing idealTree:node_modules/motion-utils Completed in 0ms
390 timing idealTree:node_modules/ms Completed in 0ms
391 timing idealTree:node_modules/node-releases Completed in 0ms
392 timing idealTree:node_modules/picocolors Completed in 0ms
393 silly placeDep ROOT nanoid@3.3.19 OK for: postcss@8.5.28 want: ^3.3.18
394 silly placeDep ROOT source-map-js@1.2.1 OK for: postcss@8.5.28 want: ^1.2.1
395 timing idealTree:node_modules/postcss Completed in 4ms
396 timing idealTree:node_modules/nanoid Completed in 0ms
397 timing idealTree:node_modules/postcss-value-parser Completed in 0ms
398 silly placeDep ROOT loose-envify@1.4.0 OK for: react@18.3.1 want: ^1.1.0
399 timing idealTree:node_modules/react Completed in 2ms
400 timing idealTree:node_modules/loose-envify Completed in 0ms
401 silly placeDep ROOT scheduler@0.23.2 OK for: react-dom@18.3.1 want: ^0.23.2
402 timing idealTree:node_modules/react-dom Completed in 2ms
403 timing idealTree:node_modules/react-refresh Completed in 0ms
404 timing idealTree:node_modules/scheduler Completed in 0ms
405 timing idealTree:node_modules/semver Completed in 0ms
406 timing idealTree:node_modules/source-map-js Completed in 0ms
407 timing idealTree:node_modules/tailwind-merge Completed in 0ms
408 silly fetch manifest postcss@^8.4.47
409 silly fetch manifest tsx@^4.8.1
410 http fetch GET 200 https://registry.npmjs.org/tsx 139ms (cache miss)
411 silly fetch manifest yaml@^2.4.2
412 http fetch GET 200 https://registry.npmjs.org/yaml 125ms (cache miss)
413 silly placeDep ROOT @alloc/quick-lru@5.3.0 OK for: tailwindcss@3.4.19 want: ^5.2.0
414 silly placeDep ROOT arg@5.0.2 OK for: tailwindcss@3.4.19 want: ^5.0.2
415 silly placeDep ROOT chokidar@3.6.0 OK for: tailwindcss@3.4.19 want: ^3.6.0
416 silly placeDep ROOT didyoumean@1.2.2 OK for: tailwindcss@3.4.19 want: ^1.2.2
417 silly placeDep ROOT dlv@1.1.3 OK for: tailwindcss@3.4.19 want: ^1.1.3
418 silly placeDep ROOT fast-glob@3.3.3 OK for: tailwindcss@3.4.19 want: ^3.3.2
419 silly placeDep ROOT glob-parent@6.0.2 OK for: tailwindcss@3.4.19 want: ^6.0.2
420 silly placeDep ROOT is-glob@4.0.3 OK for: tailwindcss@3.4.19 want: ^4.0.3
421 silly placeDep ROOT jiti@1.21.7 OK for: tailwindcss@3.4.19 want: ^1.21.7
422 silly placeDep ROOT lilconfig@3.1.3 OK for: tailwindcss@3.4.19 want: ^3.1.3
423 silly placeDep ROOT micromatch@4.0.8 OK for: tailwindcss@3.4.19 want: ^4.0.8
424 silly placeDep ROOT normalize-path@3.0.0 OK for: tailwindcss@3.4.19 want: ^3.0.0
425 silly placeDep ROOT object-hash@3.0.0 OK for: tailwindcss@3.4.19 want: ^3.0.0
426 silly placeDep ROOT postcss-import@15.1.0 OK for: tailwindcss@3.4.19 want: ^15.1.0
427 silly placeDep ROOT postcss-js@4.1.0 OK for: tailwindcss@3.4.19 want: ^4.0.1
428 silly placeDep ROOT postcss-load-config@6.0.1 OK for: tailwindcss@3.4.19 want: ^4.0.2 || ^5.0 || ^6.0
429 silly placeDep ROOT postcss-nested@6.2.0 OK for: tailwindcss@3.4.19 want: ^6.2.0
430 silly placeDep ROOT postcss-selector-parser@6.1.4 OK for: tailwindcss@3.4.19 want: ^6.1.2
431 silly placeDep ROOT resolve@1.22.12 OK for: tailwindcss@3.4.19 want: ^1.22.8
432 silly placeDep ROOT sucrase@3.35.1 OK for: tailwindcss@3.4.19 want: ^3.35.0
433 silly fetch manifest braces@~3.0.2
434 silly fetch manifest anymatch@~3.1.2
435 silly fetch manifest readdirp@~3.6.0
436 silly fetch manifest glob-parent@~5.1.2
437 silly fetch manifest is-binary-path@~2.1.0
438 silly fetch manifest fsevents@~2.3.2
439 silly fetch manifest @nodelib/fs.stat@^2.0.2
440 silly fetch manifest @nodelib/fs.walk@^1.2.3
441 silly fetch manifest glob-parent@^5.1.2
442 silly fetch manifest merge2@^1.3.0
443 silly fetch manifest is-extglob@^2.1.1
444 silly fetch manifest braces@^3.0.3
445 silly fetch manifest picomatch@^2.3.1
446 silly fetch manifest read-cache@^1.0.0
447 silly fetch manifest camelcase-css@^2.0.1
448 silly fetch manifest cssesc@^3.0.0
449 silly fetch manifest util-deprecate@^1.0.2
450 silly fetch manifest es-errors@^1.3.0
451 silly fetch manifest path-parse@^1.0.7
452 silly fetch manifest is-core-module@^2.16.1
453 silly fetch manifest supports-preserve-symlinks-flag@^1.0.0
454 silly fetch manifest commander@^4.0.0
455 silly fetch manifest lines-and-columns@^1.1.6
456 silly fetch manifest mz@^2.7.0
457 silly fetch manifest pirates@^4.0.1
458 silly fetch manifest tinyglobby@^0.2.11
459 silly fetch manifest ts-interface-checker@^0.1.9
460 http fetch GET 200 https://registry.npmjs.org/util-deprecate 206ms (cache miss)
461 http fetch GET 200 https://registry.npmjs.org/is-extglob 220ms (cache miss)
462 http fetch GET 200 https://registry.npmjs.org/es-errors 221ms (cache miss)
463 http fetch GET 200 https://registry.npmjs.org/braces 233ms (cache miss)
464 http fetch GET 200 https://registry.npmjs.org/cssesc 223ms (cache miss)
465 http fetch GET 200 https://registry.npmjs.org/camelcase-css 224ms (cache miss)
466 http fetch GET 200 https://registry.npmjs.org/read-cache 226ms (cache miss)
467 http fetch GET 200 https://registry.npmjs.org/is-binary-path 245ms (cache miss)
468 http fetch GET 200 https://registry.npmjs.org/picomatch 238ms (cache miss)
469 http fetch GET 200 https://registry.npmjs.org/braces 246ms (cache miss)
470 http fetch GET 200 https://registry.npmjs.org/anymatch 260ms (cache miss)
471 http fetch GET 200 https://registry.npmjs.org/readdirp 260ms (cache miss)
472 http fetch GET 200 https://registry.npmjs.org/mz 279ms (cache miss)
473 http fetch GET 200 https://registry.npmjs.org/supports-preserve-symlinks-flag 282ms (cache miss)
474 http fetch GET 200 https://registry.npmjs.org/path-parse 285ms (cache miss)
475 http fetch GET 200 https://registry.npmjs.org/lines-and-columns 284ms (cache miss)
476 http fetch GET 200 https://registry.npmjs.org/is-core-module 287ms (cache miss)
477 http fetch GET 200 https://registry.npmjs.org/pirates 290ms (cache miss)
478 http fetch GET 200 https://registry.npmjs.org/commander 305ms (cache miss)
479 http fetch GET 200 https://registry.npmjs.org/@nodelib%2ffs.walk 457ms (cache miss)
480 http fetch GET 200 https://registry.npmjs.org/@nodelib%2ffs.stat 462ms (cache miss)
481 http fetch GET 200 https://registry.npmjs.org/merge2 466ms (cache miss)
482 http fetch GET 200 https://registry.npmjs.org/ts-interface-checker 461ms (cache miss)
483 http fetch GET 200 https://registry.npmjs.org/tinyglobby 464ms (cache miss)
484 timing idealTree:node_modules/tailwindcss Completed in 807ms
485 timing idealTree:node_modules/@alloc/quick-lru Completed in 0ms
486 timing idealTree:node_modules/arg Completed in 0ms
487 silly placeDep ROOT anymatch@3.1.3 OK for: chokidar@3.6.0 want: ~3.1.2
488 silly placeDep ROOT braces@3.0.3 OK for: chokidar@3.6.0 want: ~3.0.2
489 silly placeDep ROOT fsevents@2.3.3 OK for: chokidar@3.6.0 want: ~2.3.2
490 silly placeDep node_modules/chokidar glob-parent@5.1.2 OK for: chokidar@3.6.0 want: ~5.1.2
491 silly placeDep ROOT is-binary-path@2.1.0 OK for: chokidar@3.6.0 want: ~2.1.0
492 silly placeDep ROOT readdirp@3.6.0 OK for: chokidar@3.6.0 want: ~3.6.0
493 silly fetch manifest picomatch@^2.0.4
494 silly fetch manifest fill-range@^7.1.1
495 silly fetch manifest binary-extensions@^2.0.0
496 silly fetch manifest picomatch@^2.2.1
497 http fetch GET 200 https://registry.npmjs.org/fill-range 78ms (cache miss)
498 http fetch GET 200 https://registry.npmjs.org/binary-extensions 82ms (cache miss)
499 timing idealTree:node_modules/chokidar Completed in 98ms
500 silly placeDep ROOT picomatch@2.3.2 OK for: anymatch@3.1.3 want: ^2.0.4
501 timing idealTree:node_modules/anymatch Completed in 4ms
502 silly placeDep ROOT fill-range@7.1.1 OK for: braces@3.0.3 want: ^7.1.1
503 silly fetch manifest to-regex-range@^5.0.1
504 http fetch GET 200 https://registry.npmjs.org/to-regex-range 69ms (cache miss)
505 timing idealTree:node_modules/braces Completed in 74ms
506 timing idealTree:node_modules/didyoumean Completed in 0ms
507 timing idealTree:node_modules/dlv Completed in 0ms
508 silly placeDep ROOT @nodelib/fs.stat@2.0.5 OK for: fast-glob@3.3.3 want: ^2.0.2
509 silly placeDep ROOT @nodelib/fs.walk@1.2.8 OK for: fast-glob@3.3.3 want: ^1.2.3
510 silly placeDep node_modules/fast-glob glob-parent@5.1.2 OK for: fast-glob@3.3.3 want: ^5.1.2
511 silly placeDep ROOT merge2@1.4.1 OK for: fast-glob@3.3.3 want: ^1.3.0
512 silly fetch manifest fastq@^1.6.0
513 silly fetch manifest @nodelib/fs.scandir@2.1.5
514 http fetch GET 200 https://registry.npmjs.org/fastq 213ms (cache miss)
515 http fetch GET 200 https://registry.npmjs.org/@nodelib%2ffs.scandir 214ms (cache miss)
516 timing idealTree:node_modules/fast-glob Completed in 224ms
517 timing idealTree:node_modules/@nodelib/fs.stat Completed in 0ms
518 silly placeDep ROOT @nodelib/fs.scandir@2.1.5 OK for: @nodelib/fs.walk@1.2.8 want: 2.1.5
519 silly placeDep ROOT fastq@1.20.3 OK for: @nodelib/fs.walk@1.2.8 want: ^1.6.0
520 silly fetch manifest run-parallel@^1.1.9
521 silly fetch manifest reusify@^1.0.4
522 http fetch GET 200 https://registry.npmjs.org/run-parallel 85ms (cache miss)
523 http fetch GET 200 https://registry.npmjs.org/reusify 86ms (cache miss)
524 timing idealTree:node_modules/@nodelib/fs.walk Completed in 89ms
525 silly placeDep ROOT run-parallel@1.2.0 OK for: @nodelib/fs.scandir@2.1.5 want: ^1.1.9
526 silly fetch manifest queue-microtask@^1.2.2
527 http fetch GET 200 https://registry.npmjs.org/queue-microtask 96ms (cache miss)
528 timing idealTree:node_modules/@nodelib/fs.scandir Completed in 100ms
529 silly placeDep ROOT reusify@1.1.0 OK for: fastq@1.20.3 want: ^1.0.4
530 timing idealTree:node_modules/fastq Completed in 4ms
531 silly placeDep ROOT to-regex-range@5.0.1 OK for: fill-range@7.1.1 want: ^5.0.1
532 silly fetch manifest is-number@^7.0.0
533 http fetch GET 200 https://registry.npmjs.org/is-number 96ms (cache miss)
534 timing idealTree:node_modules/fill-range Completed in 100ms
535 timing idealTree:node_modules/fsevents Completed in 0ms
536 timing idealTree:node_modules/glob-parent Completed in 0ms
537 silly placeDep ROOT binary-extensions@2.3.0 OK for: is-binary-path@2.1.0 want: ^2.0.0
538 timing idealTree:node_modules/is-binary-path Completed in 3ms
539 timing idealTree:node_modules/binary-extensions Completed in 0ms
540 silly placeDep ROOT is-extglob@2.1.1 OK for: is-glob@4.0.3 want: ^2.1.1
541 timing idealTree:node_modules/is-glob Completed in 2ms
542 timing idealTree:node_modules/is-extglob Completed in 0ms
543 timing idealTree:node_modules/jiti Completed in 0ms
544 timing idealTree:node_modules/lilconfig Completed in 0ms
545 timing idealTree:node_modules/merge2 Completed in 0ms
546 timing idealTree:node_modules/micromatch Completed in 0ms
547 timing idealTree:node_modules/normalize-path Completed in 0ms
548 timing idealTree:node_modules/object-hash Completed in 0ms
549 timing idealTree:node_modules/picomatch Completed in 0ms
550 silly placeDep ROOT read-cache@1.0.2 OK for: postcss-import@15.1.0 want: ^1.0.0
551 timing idealTree:node_modules/postcss-import Completed in 2ms
552 silly placeDep ROOT camelcase-css@2.0.1 OK for: postcss-js@4.1.0 want: ^2.0.1
553 timing idealTree:node_modules/postcss-js Completed in 3ms
554 timing idealTree:node_modules/camelcase-css Completed in 0ms
555 timing idealTree:node_modules/postcss-load-config Completed in 0ms
556 timing idealTree:node_modules/postcss-nested Completed in 0ms
557 silly placeDep ROOT cssesc@3.0.0 OK for: postcss-selector-parser@6.1.4 want: ^3.0.0
558 silly placeDep ROOT util-deprecate@1.0.2 OK for: postcss-selector-parser@6.1.4 want: ^1.0.2
559 timing idealTree:node_modules/postcss-selector-parser Completed in 4ms
560 timing idealTree:node_modules/cssesc Completed in 0ms
561 timing idealTree:node_modules/read-cache Completed in 0ms
562 timing idealTree:node_modules/readdirp Completed in 0ms
563 silly placeDep ROOT es-errors@1.3.0 OK for: resolve@1.22.12 want: ^1.3.0
564 silly placeDep ROOT is-core-module@2.17.0 OK for: resolve@1.22.12 want: ^2.16.1
565 silly placeDep ROOT path-parse@1.0.7 OK for: resolve@1.22.12 want: ^1.0.7
566 silly placeDep ROOT supports-preserve-symlinks-flag@1.0.0 OK for: resolve@1.22.12 want: ^1.0.0
567 silly fetch manifest hasown@^2.0.4
568 http fetch GET 200 https://registry.npmjs.org/hasown 76ms (cache miss)
569 timing idealTree:node_modules/resolve Completed in 85ms
570 timing idealTree:node_modules/es-errors Completed in 1ms
571 silly placeDep ROOT hasown@2.0.4 OK for: is-core-module@2.17.0 want: ^2.0.4
572 silly fetch manifest function-bind@^1.1.2
573 http fetch GET 200 https://registry.npmjs.org/function-bind 101ms (cache miss)
574 timing idealTree:node_modules/is-core-module Completed in 103ms
575 silly placeDep ROOT function-bind@1.1.2 OK for: hasown@2.0.4 want: ^1.1.2
576 timing idealTree:node_modules/hasown Completed in 2ms
577 timing idealTree:node_modules/function-bind Completed in 0ms
578 timing idealTree:node_modules/path-parse Completed in 0ms
579 timing idealTree:node_modules/reusify Completed in 0ms
580 silly placeDep ROOT queue-microtask@1.2.3 OK for: run-parallel@1.2.0 want: ^1.2.2
581 timing idealTree:node_modules/run-parallel Completed in 2ms
582 timing idealTree:node_modules/queue-microtask Completed in 0ms
583 silly placeDep ROOT commander@4.1.1 OK for: sucrase@3.35.1 want: ^4.0.0
584 silly placeDep ROOT lines-and-columns@1.2.4 OK for: sucrase@3.35.1 want: ^1.1.6
585 silly placeDep ROOT mz@2.7.0 OK for: sucrase@3.35.1 want: ^2.7.0
586 silly placeDep ROOT pirates@4.0.7 OK for: sucrase@3.35.1 want: ^4.0.1
587 silly placeDep ROOT tinyglobby@0.2.17 OK for: sucrase@3.35.1 want: ^0.2.11
588 silly placeDep ROOT ts-interface-checker@0.1.13 OK for: sucrase@3.35.1 want: ^0.1.9
589 silly fetch manifest any-promise@^1.0.0
590 silly fetch manifest object-assign@^4.0.1
591 silly fetch manifest thenify-all@^1.0.0
592 silly fetch manifest fdir@^6.5.0
593 silly fetch manifest picomatch@^4.0.4
594 http fetch GET 200 https://registry.npmjs.org/any-promise 98ms (cache miss)
595 http fetch GET 200 https://registry.npmjs.org/object-assign 102ms (cache miss)
596 http fetch GET 200 https://registry.npmjs.org/thenify-all 104ms (cache miss)
597 http fetch GET 200 https://registry.npmjs.org/fdir 105ms (cache miss)
598 timing idealTree:node_modules/sucrase Completed in 123ms
599 timing idealTree:node_modules/commander Completed in 0ms
600 timing idealTree:node_modules/lines-and-columns Completed in 0ms
601 silly placeDep ROOT any-promise@1.3.0 OK for: mz@2.7.0 want: ^1.0.0
602 silly placeDep ROOT object-assign@4.1.1 OK for: mz@2.7.0 want: ^4.0.1
603 silly placeDep ROOT thenify-all@1.6.0 OK for: mz@2.7.0 want: ^1.0.0
604 silly fetch manifest thenify@>= 3.1.0 < 4
605 http fetch GET 200 https://registry.npmjs.org/thenify 66ms (cache miss)
606 timing idealTree:node_modules/mz Completed in 76ms
607 timing idealTree:node_modules/any-promise Completed in 0ms
608 timing idealTree:node_modules/object-assign Completed in 0ms
609 timing idealTree:node_modules/pirates Completed in 0ms
610 timing idealTree:node_modules/supports-preserve-symlinks-flag Completed in 0ms
611 silly placeDep ROOT thenify@3.3.1 OK for: thenify-all@1.6.0 want: >= 3.1.0 < 4
612 timing idealTree:node_modules/thenify-all Completed in 4ms
613 timing idealTree:node_modules/thenify Completed in 0ms
614 silly placeDep node_modules/tinyglobby fdir@6.5.0 OK for: tinyglobby@0.2.17 want: ^6.5.0
615 silly placeDep node_modules/tinyglobby picomatch@4.0.7 OK for: fdir@6.5.0 want: ^3 || ^4
616 timing idealTree:node_modules/tinyglobby Completed in 9ms
617 silly placeDep ROOT is-number@7.0.0 OK for: to-regex-range@5.0.1 want: ^7.0.0
618 timing idealTree:node_modules/to-regex-range Completed in 2ms
619 timing idealTree:node_modules/is-number Completed in 0ms
620 timing idealTree:node_modules/ts-interface-checker Completed in 0ms
621 timing idealTree:node_modules/tslib Completed in 0ms
622 timing idealTree:node_modules/typescript Completed in 0ms
623 silly placeDep ROOT escalade@3.2.0 OK for: update-browserslist-db@1.3.3 want: ^3.2.0
624 timing idealTree:node_modules/update-browserslist-db Completed in 2ms
625 timing idealTree:node_modules/escalade Completed in 0ms
626 timing idealTree:node_modules/util-deprecate Completed in 0ms
627 silly placeDep ROOT esbuild@0.21.5 OK for: vite@5.4.21 want: ^0.21.3
628 silly placeDep ROOT rollup@4.63.4 OK for: vite@5.4.21 want: ^4.20.0
629 silly fetch manifest @esbuild/aix-ppc64@0.21.5
630 silly fetch manifest @esbuild/linux-arm@0.21.5
631 silly fetch manifest @esbuild/linux-x64@0.21.5
632 silly fetch manifest @esbuild/sunos-x64@0.21.5
633 silly fetch manifest @esbuild/win32-x64@0.21.5
634 silly fetch manifest @esbuild/darwin-x64@0.21.5
635 silly fetch manifest @esbuild/linux-ia32@0.21.5
636 silly fetch manifest @esbuild/netbsd-x64@0.21.5
637 silly fetch manifest @esbuild/win32-ia32@0.21.5
638 silly fetch manifest @esbuild/android-arm@0.21.5
639 silly fetch manifest @esbuild/android-x64@0.21.5
640 silly fetch manifest @esbuild/freebsd-x64@0.21.5
641 silly fetch manifest @esbuild/linux-arm64@0.21.5
642 silly fetch manifest @esbuild/linux-ppc64@0.21.5
643 silly fetch manifest @esbuild/linux-s390x@0.21.5
644 silly fetch manifest @esbuild/openbsd-x64@0.21.5
645 silly fetch manifest @esbuild/win32-arm64@0.21.5
646 silly fetch manifest @esbuild/darwin-arm64@0.21.5
647 silly fetch manifest @esbuild/android-arm64@0.21.5
648 silly fetch manifest @esbuild/freebsd-arm64@0.21.5
649 silly fetch manifest @esbuild/linux-loong64@0.21.5
650 silly fetch manifest @esbuild/linux-riscv64@0.21.5
651 silly fetch manifest @esbuild/linux-mips64el@0.21.5
652 silly fetch manifest @types/estree@1.0.9
653 silly fetch manifest @rollup/rollup-darwin-x64@4.63.4
654 silly fetch manifest @rollup/rollup-freebsd-x64@4.63.4
655 silly fetch manifest @rollup/rollup-openbsd-x64@4.63.4
656 silly fetch manifest @napi-rs/lzma-linux-x64-gnu@1.5.1
657 silly fetch manifest @rollup/rollup-darwin-arm64@4.63.4
658 silly fetch manifest @rollup/rollup-android-arm64@4.63.4
659 silly fetch manifest @rollup/rollup-freebsd-arm64@4.63.4
660 silly fetch manifest @rollup/rollup-linux-x64-gnu@4.63.4
661 silly fetch manifest @rollup/rollup-win32-x64-gnu@4.63.4
662 silly fetch manifest @rollup/rollup-linux-x64-musl@4.63.4
663 silly fetch manifest @rollup/rollup-win32-x64-msvc@4.63.4
664 silly fetch manifest @rollup/rollup-linux-arm64-gnu@4.63.4
665 silly fetch manifest @rollup/rollup-linux-ppc64-gnu@4.63.4
666 silly fetch manifest @rollup/rollup-linux-s390x-gnu@4.63.4
667 silly fetch manifest @rollup/rollup-win32-ia32-msvc@4.63.4
668 silly fetch manifest @rollup/rollup-android-arm-eabi@4.63.4
669 silly fetch manifest @rollup/rollup-linux-arm64-musl@4.63.4
670 silly fetch manifest @rollup/rollup-linux-ppc64-musl@4.63.4
671 silly fetch manifest @rollup/rollup-win32-arm64-msvc@4.63.4
672 silly fetch manifest @rollup/rollup-linux-loong64-gnu@4.63.4
673 silly fetch manifest @rollup/rollup-linux-riscv64-gnu@4.63.4
674 silly fetch manifest @rollup/rollup-openharmony-arm64@4.63.4
675 silly fetch manifest @rollup/rollup-linux-loong64-musl@4.63.4
676 silly fetch manifest @rollup/rollup-linux-riscv64-musl@4.63.4
677 silly fetch manifest @rollup/rollup-linux-arm-gnueabihf@4.63.4
678 silly fetch manifest @rollup/rollup-linux-arm-musleabihf@4.63.4
679 http fetch GET 200 https://registry.npmjs.org/@esbuild%2faix-ppc64 436ms (cache miss)
680 http fetch GET 200 https://registry.npmjs.org/@esbuild%2ffreebsd-x64 459ms (cache miss)
681 http fetch GET 200 https://registry.npmjs.org/@types%2festree 461ms (cache miss)
682 http fetch GET 200 https://registry.npmjs.org/@esbuild%2fandroid-arm 469ms (cache miss)
683 http fetch GET 200 https://registry.npmjs.org/@esbuild%2fandroid-x64 470ms (cache miss)
684 http fetch GET 200 https://registry.npmjs.org/@esbuild%2fdarwin-x64 472ms (cache miss)
685 http fetch GET 200 https://registry.npmjs.org/@esbuild%2flinux-ia32 474ms (cache miss)
686 http fetch GET 200 https://registry.npmjs.org/@esbuild%2fdarwin-arm64 475ms (cache miss)
687 http fetch GET 200 https://registry.npmjs.org/@esbuild%2fnetbsd-x64 485ms (cache miss)
688 http fetch GET 200 https://registry.npmjs.org/@esbuild%2flinux-arm 499ms (cache miss)
689 http fetch GET 200 https://registry.npmjs.org/@esbuild%2flinux-x64 499ms (cache miss)
690 http fetch GET 200 https://registry.npmjs.org/@rollup%2frollup-openbsd-x64 496ms (cache miss)
691 http fetch GET 200 https://registry.npmjs.org/@esbuild%2fwin32-x64 506ms (cache miss)
692 http fetch GET 200 https://registry.npmjs.org/@esbuild%2fopenbsd-x64 521ms (cache miss)
693 http fetch GET 200 https://registry.npmjs.org/@esbuild%2flinux-ppc64 524ms (cache miss)
694 http fetch GET 200 https://registry.npmjs.org/@esbuild%2flinux-arm64 525ms (cache miss)
695 http fetch GET 200 https://registry.npmjs.org/@esbuild%2ffreebsd-arm64 524ms (cache miss)
696 http fetch GET 200 https://registry.npmjs.org/@rollup%2frollup-freebsd-x64 525ms (cache miss)
697 http fetch GET 200 https://registry.npmjs.org/@esbuild%2fwin32-ia32 545ms (cache miss)
698 http fetch GET 200 https://registry.npmjs.org/@esbuild%2fandroid-arm64 544ms (cache miss)
699 http fetch GET 200 https://registry.npmjs.org/@rollup%2frollup-darwin-x64 557ms (cache miss)
700 http fetch GET 200 https://registry.npmjs.org/@rollup%2frollup-win32-x64-gnu 560ms (cache miss)
701 http fetch GET 200 https://registry.npmjs.org/@rollup%2frollup-darwin-arm64 564ms (cache miss)
702 http fetch GET 200 https://registry.npmjs.org/@rollup%2frollup-win32-x64-msvc 611ms (cache miss)
703 http fetch GET 200 https://registry.npmjs.org/@rollup%2frollup-linux-x64-musl 613ms (cache miss)
704 http fetch GET 200 https://registry.npmjs.org/@rollup%2frollup-linux-arm64-gnu 644ms (cache miss)
705 http fetch GET 200 https://registry.npmjs.org/@rollup%2frollup-linux-ppc64-gnu 653ms (cache miss)
706 http fetch GET 200 https://registry.npmjs.org/@rollup%2frollup-linux-s390x-gnu 688ms (cache miss)
707 http fetch GET 200 https://registry.npmjs.org/@rollup%2frollup-linux-ppc64-musl 688ms (cache miss)
708 http fetch GET 200 https://registry.npmjs.org/@esbuild%2fwin32-arm64 702ms (cache miss)
709 http fetch GET 200 https://registry.npmjs.org/@rollup%2frollup-linux-loong64-musl 704ms (cache miss)
710 http fetch GET 200 https://registry.npmjs.org/@rollup%2frollup-linux-x64-gnu 712ms (cache miss)
711 http fetch GET 200 https://registry.npmjs.org/@rollup%2frollup-linux-loong64-gnu 713ms (cache miss)
712 http fetch GET 200 https://registry.npmjs.org/@rollup%2frollup-linux-arm64-musl 718ms (cache miss)
713 http fetch GET 200 https://registry.npmjs.org/@rollup%2frollup-android-arm-eabi 720ms (cache miss)
714 http fetch GET 200 https://registry.npmjs.org/@esbuild%2flinux-loong64 737ms (cache miss)
715 http fetch GET 200 https://registry.npmjs.org/@esbuild%2flinux-s390x 744ms (cache miss)
716 http fetch GET 200 https://registry.npmjs.org/@esbuild%2flinux-riscv64 743ms (cache miss)
717 http fetch GET 200 https://registry.npmjs.org/@esbuild%2flinux-mips64el 743ms (cache miss)
718 http fetch GET 200 https://registry.npmjs.org/@rollup%2frollup-linux-riscv64-gnu 735ms (cache miss)
719 http fetch GET 200 https://registry.npmjs.org/@rollup%2frollup-linux-riscv64-musl 737ms (cache miss)
720 http fetch GET 200 https://registry.npmjs.org/@rollup%2frollup-linux-arm-gnueabihf 744ms (cache miss)
721 http fetch GET 200 https://registry.npmjs.org/@napi-rs%2flzma-linux-x64-gnu 793ms (cache miss)
722 http fetch GET 200 https://registry.npmjs.org/@rollup%2frollup-openharmony-arm64 792ms (cache miss)
723 http fetch GET 200 https://registry.npmjs.org/@rollup%2frollup-freebsd-arm64 803ms (cache miss)
724 http fetch GET 200 https://registry.npmjs.org/@esbuild%2fsunos-x64 846ms (cache miss)
725 http fetch GET 200 https://registry.npmjs.org/@rollup%2frollup-linux-arm-musleabihf 888ms (cache miss)
726 http fetch GET 200 https://registry.npmjs.org/@rollup%2frollup-android-arm64 898ms (cache miss)
727 http fetch GET 200 https://registry.npmjs.org/@rollup%2frollup-win32-ia32-msvc 898ms (cache miss)
728 http fetch GET 200 https://registry.npmjs.org/@rollup%2frollup-win32-arm64-msvc 985ms (cache miss)
729 timing idealTree:node_modules/vite Completed in 1009ms
730 silly placeDep ROOT @esbuild/aix-ppc64@0.21.5 OK for: esbuild@0.21.5 want: 0.21.5
731 silly placeDep ROOT @esbuild/android-arm@0.21.5 OK for: esbuild@0.21.5 want: 0.21.5
732 silly placeDep ROOT @esbuild/android-arm64@0.21.5 OK for: esbuild@0.21.5 want: 0.21.5
733 silly placeDep ROOT @esbuild/android-x64@0.21.5 OK for: esbuild@0.21.5 want: 0.21.5
734 silly placeDep ROOT @esbuild/darwin-arm64@0.21.5 OK for: esbuild@0.21.5 want: 0.21.5
735 silly placeDep ROOT @esbuild/darwin-x64@0.21.5 OK for: esbuild@0.21.5 want: 0.21.5
736 silly placeDep ROOT @esbuild/freebsd-arm64@0.21.5 OK for: esbuild@0.21.5 want: 0.21.5
737 silly placeDep ROOT @esbuild/freebsd-x64@0.21.5 OK for: esbuild@0.21.5 want: 0.21.5
738 silly placeDep ROOT @esbuild/linux-arm@0.21.5 OK for: esbuild@0.21.5 want: 0.21.5
739 silly placeDep ROOT @esbuild/linux-arm64@0.21.5 OK for: esbuild@0.21.5 want: 0.21.5
740 silly placeDep ROOT @esbuild/linux-ia32@0.21.5 OK for: esbuild@0.21.5 want: 0.21.5
741 silly placeDep ROOT @esbuild/linux-loong64@0.21.5 OK for: esbuild@0.21.5 want: 0.21.5
742 silly placeDep ROOT @esbuild/linux-mips64el@0.21.5 OK for: esbuild@0.21.5 want: 0.21.5
743 silly placeDep ROOT @esbuild/linux-ppc64@0.21.5 OK for: esbuild@0.21.5 want: 0.21.5
744 silly placeDep ROOT @esbuild/linux-riscv64@0.21.5 OK for: esbuild@0.21.5 want: 0.21.5
745 silly placeDep ROOT @esbuild/linux-s390x@0.21.5 OK for: esbuild@0.21.5 want: 0.21.5
746 silly placeDep ROOT @esbuild/linux-x64@0.21.5 OK for: esbuild@0.21.5 want: 0.21.5
747 silly placeDep ROOT @esbuild/netbsd-x64@0.21.5 OK for: esbuild@0.21.5 want: 0.21.5
748 silly placeDep ROOT @esbuild/openbsd-x64@0.21.5 OK for: esbuild@0.21.5 want: 0.21.5
749 silly placeDep ROOT @esbuild/sunos-x64@0.21.5 OK for: esbuild@0.21.5 want: 0.21.5
750 silly placeDep ROOT @esbuild/win32-arm64@0.21.5 OK for: esbuild@0.21.5 want: 0.21.5
751 silly placeDep ROOT @esbuild/win32-ia32@0.21.5 OK for: esbuild@0.21.5 want: 0.21.5
752 silly placeDep ROOT @esbuild/win32-x64@0.21.5 OK for: esbuild@0.21.5 want: 0.21.5
753 timing idealTree:node_modules/esbuild Completed in 42ms
754 timing idealTree:node_modules/@esbuild/aix-ppc64 Completed in 0ms
755 timing idealTree:node_modules/@esbuild/android-arm Completed in 0ms
756 timing idealTree:node_modules/@esbuild/android-arm64 Completed in 0ms
757 timing idealTree:node_modules/@esbuild/android-x64 Completed in 0ms
758 timing idealTree:node_modules/@esbuild/darwin-arm64 Completed in 0ms
759 timing idealTree:node_modules/@esbuild/darwin-x64 Completed in 0ms
760 timing idealTree:node_modules/@esbuild/freebsd-arm64 Completed in 0ms
761 timing idealTree:node_modules/@esbuild/freebsd-x64 Completed in 0ms
762 timing idealTree:node_modules/@esbuild/linux-arm Completed in 0ms
763 timing idealTree:node_modules/@esbuild/linux-arm64 Completed in 0ms
764 timing idealTree:node_modules/@esbuild/linux-ia32 Completed in 0ms
765 timing idealTree:node_modules/@esbuild/linux-loong64 Completed in 0ms
766 timing idealTree:node_modules/@esbuild/linux-mips64el Completed in 0ms
767 timing idealTree:node_modules/@esbuild/linux-ppc64 Completed in 0ms
768 timing idealTree:node_modules/@esbuild/linux-riscv64 Completed in 0ms
769 timing idealTree:node_modules/@esbuild/linux-s390x Completed in 0ms
770 timing idealTree:node_modules/@esbuild/linux-x64 Completed in 0ms
771 timing idealTree:node_modules/@esbuild/netbsd-x64 Completed in 0ms
772 timing idealTree:node_modules/@esbuild/openbsd-x64 Completed in 0ms
773 timing idealTree:node_modules/@esbuild/sunos-x64 Completed in 0ms
774 timing idealTree:node_modules/@esbuild/win32-arm64 Completed in 0ms
775 timing idealTree:node_modules/@esbuild/win32-ia32 Completed in 0ms
776 timing idealTree:node_modules/@esbuild/win32-x64 Completed in 0ms
777 silly placeDep ROOT @napi-rs/lzma-linux-x64-gnu@1.5.1 OK for: rollup@4.63.4 want: 1.5.1
778 silly placeDep ROOT @rollup/rollup-android-arm-eabi@4.63.4 OK for: rollup@4.63.4 want: 4.63.4
779 silly placeDep ROOT @rollup/rollup-android-arm64@4.63.4 OK for: rollup@4.63.4 want: 4.63.4
780 silly placeDep ROOT @rollup/rollup-darwin-arm64@4.63.4 OK for: rollup@4.63.4 want: 4.63.4
781 silly placeDep ROOT @rollup/rollup-darwin-x64@4.63.4 OK for: rollup@4.63.4 want: 4.63.4
782 silly placeDep ROOT @rollup/rollup-freebsd-arm64@4.63.4 OK for: rollup@4.63.4 want: 4.63.4
783 silly placeDep ROOT @rollup/rollup-freebsd-x64@4.63.4 OK for: rollup@4.63.4 want: 4.63.4
784 silly placeDep ROOT @rollup/rollup-linux-arm-gnueabihf@4.63.4 OK for: rollup@4.63.4 want: 4.63.4
785 silly placeDep ROOT @rollup/rollup-linux-arm-musleabihf@4.63.4 OK for: rollup@4.63.4 want: 4.63.4
786 silly placeDep ROOT @rollup/rollup-linux-arm64-gnu@4.63.4 OK for: rollup@4.63.4 want: 4.63.4
787 silly placeDep ROOT @rollup/rollup-linux-arm64-musl@4.63.4 OK for: rollup@4.63.4 want: 4.63.4
788 silly placeDep ROOT @rollup/rollup-linux-loong64-gnu@4.63.4 OK for: rollup@4.63.4 want: 4.63.4
789 silly placeDep ROOT @rollup/rollup-linux-loong64-musl@4.63.4 OK for: rollup@4.63.4 want: 4.63.4
790 silly placeDep ROOT @rollup/rollup-linux-ppc64-gnu@4.63.4 OK for: rollup@4.63.4 want: 4.63.4
791 silly placeDep ROOT @rollup/rollup-linux-ppc64-musl@4.63.4 OK for: rollup@4.63.4 want: 4.63.4
792 silly placeDep ROOT @rollup/rollup-linux-riscv64-gnu@4.63.4 OK for: rollup@4.63.4 want: 4.63.4
793 silly placeDep ROOT @rollup/rollup-linux-riscv64-musl@4.63.4 OK for: rollup@4.63.4 want: 4.63.4
794 silly placeDep ROOT @rollup/rollup-linux-s390x-gnu@4.63.4 OK for: rollup@4.63.4 want: 4.63.4
795 silly placeDep ROOT @rollup/rollup-linux-x64-gnu@4.63.4 OK for: rollup@4.63.4 want: 4.63.4
796 silly placeDep ROOT @rollup/rollup-linux-x64-musl@4.63.4 OK for: rollup@4.63.4 want: 4.63.4
797 silly placeDep ROOT @rollup/rollup-openbsd-x64@4.63.4 OK for: rollup@4.63.4 want: 4.63.4
798 silly placeDep ROOT @rollup/rollup-openharmony-arm64@4.63.4 OK for: rollup@4.63.4 want: 4.63.4
799 silly placeDep ROOT @rollup/rollup-win32-arm64-msvc@4.63.4 OK for: rollup@4.63.4 want: 4.63.4
800 silly placeDep ROOT @rollup/rollup-win32-ia32-msvc@4.63.4 OK for: rollup@4.63.4 want: 4.63.4
801 silly placeDep ROOT @rollup/rollup-win32-x64-gnu@4.63.4 OK for: rollup@4.63.4 want: 4.63.4
802 silly placeDep ROOT @rollup/rollup-win32-x64-msvc@4.63.4 OK for: rollup@4.63.4 want: 4.63.4
803 silly placeDep ROOT @types/estree@1.0.9 OK for: rollup@4.63.4 want: 1.0.9
804 timing idealTree:node_modules/rollup Completed in 48ms
805 timing idealTree:node_modules/@napi-rs/lzma-linux-x64-gnu Completed in 0ms
806 timing idealTree:node_modules/@rollup/rollup-android-arm-eabi Completed in 0ms
807 timing idealTree:node_modules/@rollup/rollup-android-arm64 Completed in 0ms
808 timing idealTree:node_modules/@rollup/rollup-darwin-arm64 Completed in 0ms
809 timing idealTree:node_modules/@rollup/rollup-darwin-x64 Completed in 0ms
810 timing idealTree:node_modules/@rollup/rollup-freebsd-arm64 Completed in 0ms
811 timing idealTree:node_modules/@rollup/rollup-freebsd-x64 Completed in 0ms
812 timing idealTree:node_modules/@rollup/rollup-linux-arm-gnueabihf Completed in 0ms
813 timing idealTree:node_modules/@rollup/rollup-linux-arm-musleabihf Completed in 0ms
814 timing idealTree:node_modules/@rollup/rollup-linux-arm64-gnu Completed in 0ms
815 timing idealTree:node_modules/@rollup/rollup-linux-arm64-musl Completed in 0ms
816 timing idealTree:node_modules/@rollup/rollup-linux-loong64-gnu Completed in 1ms
817 timing idealTree:node_modules/@rollup/rollup-linux-loong64-musl Completed in 0ms
818 timing idealTree:node_modules/@rollup/rollup-linux-ppc64-gnu Completed in 0ms
819 timing idealTree:node_modules/@rollup/rollup-linux-ppc64-musl Completed in 0ms
820 timing idealTree:node_modules/@rollup/rollup-linux-riscv64-gnu Completed in 0ms
821 timing idealTree:node_modules/@rollup/rollup-linux-riscv64-musl Completed in 0ms
822 timing idealTree:node_modules/@rollup/rollup-linux-s390x-gnu Completed in 0ms
823 timing idealTree:node_modules/@rollup/rollup-linux-x64-gnu Completed in 0ms
824 timing idealTree:node_modules/@rollup/rollup-linux-x64-musl Completed in 0ms
825 timing idealTree:node_modules/@rollup/rollup-openbsd-x64 Completed in 0ms
826 timing idealTree:node_modules/@rollup/rollup-openharmony-arm64 Completed in 0ms
827 timing idealTree:node_modules/@rollup/rollup-win32-arm64-msvc Completed in 0ms
828 timing idealTree:node_modules/@rollup/rollup-win32-ia32-msvc Completed in 0ms
829 timing idealTree:node_modules/@rollup/rollup-win32-x64-gnu Completed in 0ms
830 timing idealTree:node_modules/@rollup/rollup-win32-x64-msvc Completed in 0ms
831 timing idealTree:node_modules/@types/estree Completed in 0ms
832 timing idealTree:node_modules/yallist Completed in 0ms
833 timing idealTree:node_modules/chokidar/node_modules/glob-parent Completed in 0ms
834 timing idealTree:node_modules/fast-glob/node_modules/glob-parent Completed in 0ms
835 timing idealTree:node_modules/tinyglobby/node_modules/fdir Completed in 0ms
836 timing idealTree:node_modules/tinyglobby/node_modules/picomatch Completed in 0ms
837 timing idealTree:buildDeps Completed in 12372ms
838 timing idealTree:fixDepFlags Completed in 3ms
839 timing idealTree Completed in 12426ms
840 timing reify:loadTrees Completed in 12428ms
841 timing reify:diffTrees Completed in 4ms
842 silly reify moves {}
843 timing reify:retireShallow Completed in 2ms
844 timing reify:createSparse Completed in 201ms
845 timing reify:loadBundles Completed in 0ms
846 silly audit bulk request {
846 silly audit   '@types/canvas-confetti': [ '1.9.0' ],
846 silly audit   '@types/react': [ '18.3.31' ],
846 silly audit   '@types/react-dom': [ '18.3.7' ],
846 silly audit   '@vitejs/plugin-react': [ '4.7.0' ],
846 silly audit   vite: [ '5.4.21' ],
846 silly audit   autoprefixer: [ '10.6.1' ],
846 silly audit   postcss: [ '8.5.28' ],
846 silly audit   'canvas-confetti': [ '1.9.4' ],
846 silly audit   clsx: [ '2.1.1' ],
846 silly audit   'framer-motion': [ '11.18.2' ],
846 silly audit   'lucide-react': [ '0.475.0' ],
846 silly audit   react: [ '18.3.1' ],
846 silly audit   'react-dom': [ '18.3.1' ],
846 silly audit   'tailwind-merge': [ '2.6.1' ],
846 silly audit   tailwindcss: [ '3.4.19' ],
846 silly audit   typescript: [ '5.9.3' ],
846 silly audit   '@types/prop-types': [ '15.7.15' ],
846 silly audit   csstype: [ '3.2.3' ],
846 silly audit   '@babel/core': [ '7.29.7' ],
846 silly audit   '@babel/plugin-transform-react-jsx-self': [ '7.29.7' ],
846 silly audit   '@babel/plugin-transform-react-jsx-source': [ '7.29.7' ],
846 silly audit   '@rolldown/pluginutils': [ '1.0.0-beta.27' ],
846 silly audit   '@types/babel__core': [ '7.20.5' ],
846 silly audit   'react-refresh': [ '0.17.0' ],
846 silly audit   '@babel/code-frame': [ '7.29.7' ],
846 silly audit   '@babel/generator': [ '7.29.8' ],
846 silly audit   '@babel/helper-compilation-targets': [ '7.29.7' ],
846 silly audit   '@babel/helper-module-transforms': [ '7.29.7' ],
846 silly audit   '@babel/helpers': [ '7.29.7' ],
846 silly audit   '@babel/parser': [ '7.29.9' ],
846 silly audit   '@babel/template': [ '7.29.7' ],
846 silly audit   '@babel/traverse': [ '7.29.8' ],
846 silly audit   '@babel/types': [ '7.29.8' ],
846 silly audit   '@jridgewell/remapping': [ '2.3.5' ],
846 silly audit   'convert-source-map': [ '2.0.0' ],
846 silly audit   debug: [ '4.4.3' ],
846 silly audit   gensync: [ '1.0.0-beta.2' ],
846 silly audit   json5: [ '2.2.3' ],
846 silly audit   semver: [ '6.3.1' ],
846 silly audit   '@babel/helper-validator-identifier': [ '7.29.7' ],
846 silly audit   'js-tokens': [ '4.0.0' ],
846 silly audit   picocolors: [ '1.1.1' ],
846 silly audit   '@jridgewell/gen-mapping': [ '0.3.13' ],
846 silly audit   '@jridgewell/trace-mapping': [ '0.3.31' ],
846 silly audit   jsesc: [ '3.1.0' ],
846 silly audit   '@babel/compat-data': [ '7.29.7' ],
846 silly audit   '@babel/helper-validator-option': [ '7.29.7' ],
846 silly audit   browserslist: [ '4.29.0' ],
846 silly audit   'lru-cache': [ '5.1.1' ],
846 silly audit   '@babel/helper-module-imports': [ '7.29.7' ],
846 silly audit   '@babel/helper-plugin-utils': [ '7.29.7' ],
846 silly audit   '@babel/helper-globals': [ '7.29.7' ],
846 silly audit   '@babel/helper-string-parser': [ '7.29.7' ],
846 silly audit   '@jridgewell/sourcemap-codec': [ '1.6.0' ],
846 silly audit   '@jridgewell/resolve-uri': [ '3.1.2' ],
846 silly audit   '@types/babel__generator': [ '7.27.0' ],
846 silly audit   '@types/babel__template': [ '7.4.4' ],
846 silly audit   '@types/babel__traverse': [ '7.28.0' ],
846 silly audit   'caniuse-lite': [ '1.0.30001810' ],
846 silly audit   'fraction.js': [ '5.3.4' ],
846 silly audit   'postcss-value-parser': [ '4.2.0' ],
846 silly audit   'baseline-browser-mapping': [ '2.11.25' ],
846 silly audit   'electron-to-chromium': [ '1.5.434' ],
846 silly audit   'node-releases': [ '2.0.56' ],
846 silly audit   'update-browserslist-db': [ '1.3.3' ],
846 silly audit   ms: [ '2.1.3' ],
846 silly audit   'motion-dom': [ '11.18.1' ],
846 silly audit   'motion-utils': [ '11.18.1' ],
846 silly audit   tslib: [ '2.8.1' ],
846 silly audit   yallist: [ '3.1.1' ],
846 silly audit   nanoid: [ '3.3.19' ],
846 silly audit   'source-map-js': [ '1.2.1' ],
846 silly audit   'loose-envify': [ '1.4.0' ],
846 silly audit   scheduler: [ '0.23.2' ],
846 silly audit   '@alloc/quick-lru': [ '5.3.0' ],
846 silly audit   arg: [ '5.0.2' ],
846 silly audit   chokidar: [ '3.6.0' ],
846 silly audit   didyoumean: [ '1.2.2' ],
846 silly audit   dlv: [ '1.1.3' ],
846 silly audit   'fast-glob': [ '3.3.3' ],
846 silly audit   'glob-parent': [ '6.0.2', '5.1.2' ],
846 silly audit   'is-glob': [ '4.0.3' ],
846 silly audit   jiti: [ '1.21.7' ],
846 silly audit   lilconfig: [ '3.1.3' ],
846 silly audit   micromatch: [ '4.0.8' ],
846 silly audit   'normalize-path': [ '3.0.0' ],
846 silly audit   'object-hash': [ '3.0.0' ],
846 silly audit   'postcss-import': [ '15.1.0' ],
846 silly audit   'postcss-js': [ '4.1.0' ],
846 silly audit   'postcss-load-config': [ '6.0.1' ],
846 silly audit   'postcss-nested': [ '6.2.0' ],
846 silly audit   'postcss-selector-parser': [ '6.1.4' ],
846 silly audit   resolve: [ '1.22.12' ],
846 silly audit   sucrase: [ '3.35.1' ],
846 silly audit   anymatch: [ '3.1.3' ],
846 silly audit   braces: [ '3.0.3' ],
846 silly audit   fsevents: [ '2.3.3' ],
846 silly audit   'is-binary-path': [ '2.1.0' ],
846 silly audit   readdirp: [ '3.6.0' ],
846 silly audit   picomatch: [ '2.3.2', '4.0.7' ],
846 silly audit   'fill-range': [ '7.1.1' ],
846 silly audit   '@nodelib/fs.stat': [ '2.0.5' ],
846 silly audit   '@nodelib/fs.walk': [ '1.2.8' ],
846 silly audit   merge2: [ '1.4.1' ],
846 silly audit   '@nodelib/fs.scandir': [ '2.1.5' ],
846 silly audit   fastq: [ '1.20.3' ],
846 silly audit   'run-parallel': [ '1.2.0' ],
846 silly audit   reusify: [ '1.1.0' ],
846 silly audit   'to-regex-range': [ '5.0.1' ],
846 silly audit   'binary-extensions': [ '2.3.0' ],
846 silly audit   'is-extglob': [ '2.1.1' ],
846 silly audit   'read-cache': [ '1.0.2' ],
846 silly audit   'camelcase-css': [ '2.0.1' ],
846 silly audit   cssesc: [ '3.0.0' ],
846 silly audit   'util-deprecate': [ '1.0.2' ],
846 silly audit   'es-errors': [ '1.3.0' ],
846 silly audit   'is-core-module': [ '2.17.0' ],
846 silly audit   'path-parse': [ '1.0.7' ],
846 silly audit   'supports-preserve-symlinks-flag': [ '1.0.0' ],
846 silly audit   hasown: [ '2.0.4' ],
846 silly audit   'function-bind': [ '1.1.2' ],
846 silly audit   'queue-microtask': [ '1.2.3' ],
846 silly audit   commander: [ '4.1.1' ],
846 silly audit   'lines-and-columns': [ '1.2.4' ],
846 silly audit   mz: [ '2.7.0' ],
846 silly audit   pirates: [ '4.0.7' ],
846 silly audit   tinyglobby: [ '0.2.17' ],
846 silly audit   'ts-interface-checker': [ '0.1.13' ],
846 silly audit   'any-promise': [ '1.3.0' ],
846 silly audit   'object-assign': [ '4.1.1' ],
846 silly audit   'thenify-all': [ '1.6.0' ],
846 silly audit   thenify: [ '3.3.1' ],
846 silly audit   fdir: [ '6.5.0' ],
846 silly audit   'is-number': [ '7.0.0' ],
846 silly audit   escalade: [ '3.2.0' ],
846 silly audit   esbuild: [ '0.21.5' ],
846 silly audit   rollup: [ '4.63.4' ],
846 silly audit   '@esbuild/aix-ppc64': [ '0.21.5' ],
846 silly audit   '@esbuild/android-arm': [ '0.21.5' ],
846 silly audit   '@esbuild/android-arm64': [ '0.21.5' ],
846 silly audit   '@esbuild/android-x64': [ '0.21.5' ],
846 silly audit   '@esbuild/darwin-arm64': [ '0.21.5' ],
846 silly audit   '@esbuild/darwin-x64': [ '0.21.5' ],
846 silly audit   '@esbuild/freebsd-arm64': [ '0.21.5' ],
846 silly audit   '@esbuild/freebsd-x64': [ '0.21.5' ],
846 silly audit   '@esbuild/linux-arm': [ '0.21.5' ],
846 silly audit   '@esbuild/linux-arm64': [ '0.21.5' ],
846 silly audit   '@esbuild/linux-ia32': [ '0.21.5' ],
846 silly audit   '@esbuild/linux-loong64': [ '0.21.5' ],
846 silly audit   '@esbuild/linux-mips64el': [ '0.21.5' ],
846 silly audit   '@esbuild/linux-ppc64': [ '0.21.5' ],
846 silly audit   '@esbuild/linux-riscv64': [ '0.21.5' ],
846 silly audit   '@esbuild/linux-s390x': [ '0.21.5' ],
846 silly audit   '@esbuild/linux-x64': [ '0.21.5' ],
846 silly audit   '@esbuild/netbsd-x64': [ '0.21.5' ],
846 silly audit   '@esbuild/openbsd-x64': [ '0.21.5' ],
846 silly audit   '@esbuild/sunos-x64': [ '0.21.5' ],
846 silly audit   '@esbuild/win32-arm64': [ '0.21.5' ],
846 silly audit   '@esbuild/win32-ia32': [ '0.21.5' ],
846 silly audit   '@esbuild/win32-x64': [ '0.21.5' ],
846 silly audit   '@napi-rs/lzma-linux-x64-gnu': [ '1.5.1' ],
846 silly audit   '@rollup/rollup-android-arm-eabi': [ '4.63.4' ],
846 silly audit   '@rollup/rollup-android-arm64': [ '4.63.4' ],
846 silly audit   '@rollup/rollup-darwin-arm64': [ '4.63.4' ],
846 silly audit   '@rollup/rollup-darwin-x64': [ '4.63.4' ],
846 silly audit   '@rollup/rollup-freebsd-arm64': [ '4.63.4' ],
846 silly audit   '@rollup/rollup-freebsd-x64': [ '4.63.4' ],
846 silly audit   '@rollup/rollup-linux-arm-gnueabihf': [ '4.63.4' ],
846 silly audit   '@rollup/rollup-linux-arm-musleabihf': [ '4.63.4' ],
846 silly audit   '@rollup/rollup-linux-arm64-gnu': [ '4.63.4' ],
846 silly audit   '@rollup/rollup-linux-arm64-musl': [ '4.63.4' ],
846 silly audit   '@rollup/rollup-linux-loong64-gnu': [ '4.63.4' ],
846 silly audit   '@rollup/rollup-linux-loong64-musl': [ '4.63.4' ],
846 silly audit   '@rollup/rollup-linux-ppc64-gnu': [ '4.63.4' ],
846 silly audit   '@rollup/rollup-linux-ppc64-musl': [ '4.63.4' ],
846 silly audit   '@rollup/rollup-linux-riscv64-gnu': [ '4.63.4' ],
846 silly audit   '@rollup/rollup-linux-riscv64-musl': [ '4.63.4' ],
846 silly audit   '@rollup/rollup-linux-s390x-gnu': [ '4.63.4' ],
846 silly audit   '@rollup/rollup-linux-x64-gnu': [ '4.63.4' ],
846 silly audit   '@rollup/rollup-linux-x64-musl': [ '4.63.4' ],
846 silly audit   '@rollup/rollup-openbsd-x64': [ '4.63.4' ],
846 silly audit   '@rollup/rollup-openharmony-arm64': [ '4.63.4' ],
846 silly audit   '@rollup/rollup-win32-arm64-msvc': [ '4.63.4' ],
846 silly audit   '@rollup/rollup-win32-ia32-msvc': [ '4.63.4' ],
846 silly audit   '@rollup/rollup-win32-x64-gnu': [ '4.63.4' ],
846 silly audit   '@rollup/rollup-win32-x64-msvc': [ '4.63.4' ],
846 silly audit   '@types/estree': [ '1.0.9' ]
846 silly audit }
847 verbose reify failed optional dependency /root/projects/demo/immersivestudio/node_modules/@rollup/rollup-win32-x64-msvc
848 silly reify mark deleted [
848 silly reify   '/root/projects/demo/immersivestudio/node_modules/@rollup/rollup-win32-x64-msvc'
848 silly reify ]
849 verbose reify failed optional dependency /root/projects/demo/immersivestudio/node_modules/@rollup/rollup-win32-x64-gnu
850 silly reify mark deleted [
850 silly reify   '/root/projects/demo/immersivestudio/node_modules/@rollup/rollup-win32-x64-gnu'
850 silly reify ]
851 verbose reify failed optional dependency /root/projects/demo/immersivestudio/node_modules/@rollup/rollup-win32-ia32-msvc
852 silly reify mark deleted [
852 silly reify   '/root/projects/demo/immersivestudio/node_modules/@rollup/rollup-win32-ia32-msvc'
852 silly reify ]
853 verbose reify failed optional dependency /root/projects/demo/immersivestudio/node_modules/@rollup/rollup-win32-arm64-msvc
854 silly reify mark deleted [
854 silly reify   '/root/projects/demo/immersivestudio/node_modules/@rollup/rollup-win32-arm64-msvc'
854 silly reify ]
855 verbose reify failed optional dependency /root/projects/demo/immersivestudio/node_modules/@rollup/rollup-openharmony-arm64
856 silly reify mark deleted [
856 silly reify   '/root/projects/demo/immersivestudio/node_modules/@rollup/rollup-openharmony-arm64'
856 silly reify ]
857 verbose reify failed optional dependency /root/projects/demo/immersivestudio/node_modules/@rollup/rollup-openbsd-x64
858 silly reify mark deleted [
858 silly reify   '/root/projects/demo/immersivestudio/node_modules/@rollup/rollup-openbsd-x64'
858 silly reify ]
859 verbose reify failed optional dependency /root/projects/demo/immersivestudio/node_modules/@rollup/rollup-linux-x64-musl
860 silly reify mark deleted [
860 silly reify   '/root/projects/demo/immersivestudio/node_modules/@rollup/rollup-linux-x64-musl'
860 silly reify ]
861 verbose reify failed optional dependency /root/projects/demo/immersivestudio/node_modules/@rollup/rollup-linux-x64-gnu
862 silly reify mark deleted [
862 silly reify   '/root/projects/demo/immersivestudio/node_modules/@rollup/rollup-linux-x64-gnu'
862 silly reify ]
863 verbose reify failed optional dependency /root/projects/demo/immersivestudio/node_modules/@rollup/rollup-linux-s390x-gnu
864 silly reify mark deleted [
864 silly reify   '/root/projects/demo/immersivestudio/node_modules/@rollup/rollup-linux-s390x-gnu'
864 silly reify ]
865 verbose reify failed optional dependency /root/projects/demo/immersivestudio/node_modules/@rollup/rollup-linux-riscv64-musl
866 silly reify mark deleted [
866 silly reify   '/root/projects/demo/immersivestudio/node_modules/@rollup/rollup-linux-riscv64-musl'
866 silly reify ]
867 verbose reify failed optional dependency /root/projects/demo/immersivestudio/node_modules/@rollup/rollup-linux-riscv64-gnu
868 silly reify mark deleted [
868 silly reify   '/root/projects/demo/immersivestudio/node_modules/@rollup/rollup-linux-riscv64-gnu'
868 silly reify ]
869 verbose reify failed optional dependency /root/projects/demo/immersivestudio/node_modules/@rollup/rollup-linux-ppc64-musl
870 silly reify mark deleted [
870 silly reify   '/root/projects/demo/immersivestudio/node_modules/@rollup/rollup-linux-ppc64-musl'
870 silly reify ]
871 verbose reify failed optional dependency /root/projects/demo/immersivestudio/node_modules/@rollup/rollup-linux-ppc64-gnu
872 silly reify mark deleted [
872 silly reify   '/root/projects/demo/immersivestudio/node_modules/@rollup/rollup-linux-ppc64-gnu'
872 silly reify ]
873 verbose reify failed optional dependency /root/projects/demo/immersivestudio/node_modules/@rollup/rollup-linux-loong64-musl
874 silly reify mark deleted [
874 silly reify   '/root/projects/demo/immersivestudio/node_modules/@rollup/rollup-linux-loong64-musl'
874 silly reify ]
875 verbose reify failed optional dependency /root/projects/demo/immersivestudio/node_modules/@rollup/rollup-linux-loong64-gnu
876 silly reify mark deleted [
876 silly reify   '/root/projects/demo/immersivestudio/node_modules/@rollup/rollup-linux-loong64-gnu'
876 silly reify ]
877 verbose reify failed optional dependency /root/projects/demo/immersivestudio/node_modules/@rollup/rollup-linux-arm-musleabihf
878 silly reify mark deleted [
878 silly reify   '/root/projects/demo/immersivestudio/node_modules/@rollup/rollup-linux-arm-musleabihf'
878 silly reify ]
879 verbose reify failed optional dependency /root/projects/demo/immersivestudio/node_modules/@rollup/rollup-linux-arm-gnueabihf
880 silly reify mark deleted [
880 silly reify   '/root/projects/demo/immersivestudio/node_modules/@rollup/rollup-linux-arm-gnueabihf'
880 silly reify ]
881 verbose reify failed optional dependency /root/projects/demo/immersivestudio/node_modules/@rollup/rollup-freebsd-x64
882 silly reify mark deleted [
882 silly reify   '/root/projects/demo/immersivestudio/node_modules/@rollup/rollup-freebsd-x64'
882 silly reify ]
883 verbose reify failed optional dependency /root/projects/demo/immersivestudio/node_modules/@rollup/rollup-freebsd-arm64
884 silly reify mark deleted [
884 silly reify   '/root/projects/demo/immersivestudio/node_modules/@rollup/rollup-freebsd-arm64'
884 silly reify ]
885 verbose reify failed optional dependency /root/projects/demo/immersivestudio/node_modules/@rollup/rollup-darwin-x64
886 silly reify mark deleted [
886 silly reify   '/root/projects/demo/immersivestudio/node_modules/@rollup/rollup-darwin-x64'
886 silly reify ]
887 verbose reify failed optional dependency /root/projects/demo/immersivestudio/node_modules/@rollup/rollup-darwin-arm64
888 silly reify mark deleted [
888 silly reify   '/root/projects/demo/immersivestudio/node_modules/@rollup/rollup-darwin-arm64'
888 silly reify ]
889 verbose reify failed optional dependency /root/projects/demo/immersivestudio/node_modules/@rollup/rollup-android-arm64
890 silly reify mark deleted [
890 silly reify   '/root/projects/demo/immersivestudio/node_modules/@rollup/rollup-android-arm64'
890 silly reify ]
891 verbose reify failed optional dependency /root/projects/demo/immersivestudio/node_modules/@rollup/rollup-android-arm-eabi
892 silly reify mark deleted [
892 silly reify   '/root/projects/demo/immersivestudio/node_modules/@rollup/rollup-android-arm-eabi'
892 silly reify ]
893 verbose reify failed optional dependency /root/projects/demo/immersivestudio/node_modules/@napi-rs/lzma-linux-x64-gnu
894 silly reify mark deleted [
894 silly reify   '/root/projects/demo/immersivestudio/node_modules/@napi-rs/lzma-linux-x64-gnu'
894 silly reify ]
895 verbose reify failed optional dependency /root/projects/demo/immersivestudio/node_modules/@esbuild/win32-x64
896 silly reify mark deleted [
896 silly reify   '/root/projects/demo/immersivestudio/node_modules/@esbuild/win32-x64'
896 silly reify ]
897 verbose reify failed optional dependency /root/projects/demo/immersivestudio/node_modules/@esbuild/win32-ia32
898 silly reify mark deleted [
898 silly reify   '/root/projects/demo/immersivestudio/node_modules/@esbuild/win32-ia32'
898 silly reify ]
899 verbose reify failed optional dependency /root/projects/demo/immersivestudio/node_modules/@esbuild/win32-arm64
900 silly reify mark deleted [
900 silly reify   '/root/projects/demo/immersivestudio/node_modules/@esbuild/win32-arm64'
900 silly reify ]
901 verbose reify failed optional dependency /root/projects/demo/immersivestudio/node_modules/@esbuild/sunos-x64
902 silly reify mark deleted [
902 silly reify   '/root/projects/demo/immersivestudio/node_modules/@esbuild/sunos-x64'
902 silly reify ]
903 verbose reify failed optional dependency /root/projects/demo/immersivestudio/node_modules/@esbuild/openbsd-x64
904 silly reify mark deleted [
904 silly reify   '/root/projects/demo/immersivestudio/node_modules/@esbuild/openbsd-x64'
904 silly reify ]
905 verbose reify failed optional dependency /root/projects/demo/immersivestudio/node_modules/@esbuild/netbsd-x64
906 silly reify mark deleted [
906 silly reify   '/root/projects/demo/immersivestudio/node_modules/@esbuild/netbsd-x64'
906 silly reify ]
907 verbose reify failed optional dependency /root/projects/demo/immersivestudio/node_modules/@esbuild/linux-x64
908 silly reify mark deleted [
908 silly reify   '/root/projects/demo/immersivestudio/node_modules/@esbuild/linux-x64'
908 silly reify ]
909 verbose reify failed optional dependency /root/projects/demo/immersivestudio/node_modules/@esbuild/linux-s390x
910 silly reify mark deleted [
910 silly reify   '/root/projects/demo/immersivestudio/node_modules/@esbuild/linux-s390x'
910 silly reify ]
911 verbose reify failed optional dependency /root/projects/demo/immersivestudio/node_modules/@esbuild/linux-riscv64
912 silly reify mark deleted [
912 silly reify   '/root/projects/demo/immersivestudio/node_modules/@esbuild/linux-riscv64'
912 silly reify ]
913 verbose reify failed optional dependency /root/projects/demo/immersivestudio/node_modules/@esbuild/linux-ppc64
914 silly reify mark deleted [
914 silly reify   '/root/projects/demo/immersivestudio/node_modules/@esbuild/linux-ppc64'
914 silly reify ]
915 verbose reify failed optional dependency /root/projects/demo/immersivestudio/node_modules/@esbuild/linux-mips64el
916 silly reify mark deleted [
916 silly reify   '/root/projects/demo/immersivestudio/node_modules/@esbuild/linux-mips64el'
916 silly reify ]
917 verbose reify failed optional dependency /root/projects/demo/immersivestudio/node_modules/@esbuild/linux-loong64
918 silly reify mark deleted [
918 silly reify   '/root/projects/demo/immersivestudio/node_modules/@esbuild/linux-loong64'
918 silly reify ]
919 verbose reify failed optional dependency /root/projects/demo/immersivestudio/node_modules/@esbuild/linux-ia32
920 silly reify mark deleted [
920 silly reify   '/root/projects/demo/immersivestudio/node_modules/@esbuild/linux-ia32'
920 silly reify ]
921 verbose reify failed optional dependency /root/projects/demo/immersivestudio/node_modules/@esbuild/linux-arm
922 silly reify mark deleted [
922 silly reify   '/root/projects/demo/immersivestudio/node_modules/@esbuild/linux-arm'
922 silly reify ]
923 verbose reify failed optional dependency /root/projects/demo/immersivestudio/node_modules/@esbuild/freebsd-x64
924 silly reify mark deleted [
924 silly reify   '/root/projects/demo/immersivestudio/node_modules/@esbuild/freebsd-x64'
924 silly reify ]
925 verbose reify failed optional dependency /root/projects/demo/immersivestudio/node_modules/@esbuild/freebsd-arm64
926 silly reify mark deleted [
926 silly reify   '/root/projects/demo/immersivestudio/node_modules/@esbuild/freebsd-arm64'
926 silly reify ]
927 verbose reify failed optional dependency /root/projects/demo/immersivestudio/node_modules/@esbuild/darwin-x64
928 silly reify mark deleted [
928 silly reify   '/root/projects/demo/immersivestudio/node_modules/@esbuild/darwin-x64'
928 silly reify ]
929 verbose reify failed optional dependency /root/projects/demo/immersivestudio/node_modules/@esbuild/darwin-arm64
930 silly reify mark deleted [
930 silly reify   '/root/projects/demo/immersivestudio/node_modules/@esbuild/darwin-arm64'
930 silly reify ]
931 verbose reify failed optional dependency /root/projects/demo/immersivestudio/node_modules/@esbuild/android-x64
932 silly reify mark deleted [
932 silly reify   '/root/projects/demo/immersivestudio/node_modules/@esbuild/android-x64'
932 silly reify ]
933 verbose reify failed optional dependency /root/projects/demo/immersivestudio/node_modules/@esbuild/android-arm64
934 silly reify mark deleted [
934 silly reify   '/root/projects/demo/immersivestudio/node_modules/@esbuild/android-arm64'
934 silly reify ]
935 verbose reify failed optional dependency /root/projects/demo/immersivestudio/node_modules/@esbuild/android-arm
936 silly reify mark deleted [
936 silly reify   '/root/projects/demo/immersivestudio/node_modules/@esbuild/android-arm'
936 silly reify ]
937 verbose reify failed optional dependency /root/projects/demo/immersivestudio/node_modules/@esbuild/aix-ppc64
938 silly reify mark deleted [
938 silly reify   '/root/projects/demo/immersivestudio/node_modules/@esbuild/aix-ppc64'
938 silly reify ]
939 verbose reify failed optional dependency /root/projects/demo/immersivestudio/node_modules/fsevents
940 silly reify mark deleted [ '/root/projects/demo/immersivestudio/node_modules/fsevents' ]
941 timing reifyNode:node_modules/@rollup/rollup-win32-x64-msvc Completed in 82ms
942 timing reifyNode:node_modules/@rollup/rollup-win32-x64-gnu Completed in 83ms
943 timing reifyNode:node_modules/@rollup/rollup-win32-ia32-msvc Completed in 82ms
944 timing reifyNode:node_modules/@rollup/rollup-win32-arm64-msvc Completed in 82ms
945 timing reifyNode:node_modules/@rollup/rollup-openharmony-arm64 Completed in 82ms
946 timing reifyNode:node_modules/@rollup/rollup-openbsd-x64 Completed in 82ms
947 timing reifyNode:node_modules/@rollup/rollup-linux-x64-musl Completed in 82ms
948 timing reifyNode:node_modules/@rollup/rollup-linux-x64-gnu Completed in 82ms
949 timing reifyNode:node_modules/@rollup/rollup-linux-s390x-gnu Completed in 82ms
950 timing reifyNode:node_modules/@rollup/rollup-linux-riscv64-musl Completed in 82ms
951 timing reifyNode:node_modules/@rollup/rollup-linux-riscv64-gnu Completed in 83ms
952 timing reifyNode:node_modules/@rollup/rollup-linux-ppc64-musl Completed in 83ms
953 timing reifyNode:node_modules/@rollup/rollup-linux-ppc64-gnu Completed in 83ms
954 timing reifyNode:node_modules/@rollup/rollup-linux-loong64-musl Completed in 83ms
955 timing reifyNode:node_modules/@rollup/rollup-linux-loong64-gnu Completed in 83ms
956 timing reifyNode:node_modules/@rollup/rollup-linux-arm-musleabihf Completed in 82ms
957 timing reifyNode:node_modules/@rollup/rollup-linux-arm-gnueabihf Completed in 82ms
958 timing reifyNode:node_modules/@rollup/rollup-freebsd-x64 Completed in 82ms
959 timing reifyNode:node_modules/@rollup/rollup-freebsd-arm64 Completed in 82ms
960 timing reifyNode:node_modules/@rollup/rollup-darwin-x64 Completed in 83ms
961 timing reifyNode:node_modules/@rollup/rollup-darwin-arm64 Completed in 84ms
962 timing reifyNode:node_modules/@rollup/rollup-android-arm64 Completed in 84ms
963 timing reifyNode:node_modules/@rollup/rollup-android-arm-eabi Completed in 84ms
964 timing reifyNode:node_modules/@napi-rs/lzma-linux-x64-gnu Completed in 83ms
965 timing reifyNode:node_modules/@esbuild/win32-x64 Completed in 83ms
966 timing reifyNode:node_modules/@esbuild/win32-ia32 Completed in 83ms
967 timing reifyNode:node_modules/@esbuild/win32-arm64 Completed in 83ms
968 timing reifyNode:node_modules/@esbuild/sunos-x64 Completed in 83ms
969 timing reifyNode:node_modules/@esbuild/openbsd-x64 Completed in 83ms
970 timing reifyNode:node_modules/@esbuild/netbsd-x64 Completed in 84ms
971 timing reifyNode:node_modules/@esbuild/linux-x64 Completed in 84ms
972 timing reifyNode:node_modules/@esbuild/linux-s390x Completed in 84ms
973 timing reifyNode:node_modules/@esbuild/linux-riscv64 Completed in 84ms
974 timing reifyNode:node_modules/@esbuild/linux-ppc64 Completed in 84ms
975 timing reifyNode:node_modules/@esbuild/linux-mips64el Completed in 84ms
976 timing reifyNode:node_modules/@esbuild/linux-loong64 Completed in 84ms
977 timing reifyNode:node_modules/@esbuild/linux-ia32 Completed in 84ms
978 timing reifyNode:node_modules/@esbuild/linux-arm Completed in 84ms
979 timing reifyNode:node_modules/@esbuild/freebsd-x64 Completed in 83ms
980 timing reifyNode:node_modules/@esbuild/freebsd-arm64 Completed in 83ms
981 timing reifyNode:node_modules/@esbuild/darwin-x64 Completed in 83ms
982 timing reifyNode:node_modules/@esbuild/darwin-arm64 Completed in 83ms
983 timing reifyNode:node_modules/@esbuild/android-x64 Completed in 83ms
984 timing reifyNode:node_modules/@esbuild/android-arm64 Completed in 84ms
985 timing reifyNode:node_modules/@esbuild/android-arm Completed in 84ms
986 timing reifyNode:node_modules/@esbuild/aix-ppc64 Completed in 84ms
987 timing reifyNode:node_modules/fsevents Completed in 82ms
988 silly tarball no local data for @rollup/rollup-linux-arm64-gnu@https://registry.npmjs.org/@rollup/rollup-linux-arm64-gnu/-/rollup-linux-arm64-gnu-4.63.4.tgz. Extracting by manifest.
989 silly tarball no local data for @rollup/rollup-linux-arm64-musl@https://registry.npmjs.org/@rollup/rollup-linux-arm64-musl/-/rollup-linux-arm64-musl-4.63.4.tgz. Extracting by manifest.
990 silly tarball no local data for @esbuild/linux-arm64@https://registry.npmjs.org/@esbuild/linux-arm64/-/linux-arm64-0.21.5.tgz. Extracting by manifest.
991 silly tarball no local data for esbuild@https://registry.npmjs.org/esbuild/-/esbuild-0.21.5.tgz. Extracting by manifest.
992 silly tarball no local data for escalade@https://registry.npmjs.org/escalade/-/escalade-3.2.0.tgz. Extracting by manifest.
993 silly tarball no local data for thenify@https://registry.npmjs.org/thenify/-/thenify-3.3.1.tgz. Extracting by manifest.
994 silly tarball no local data for thenify-all@https://registry.npmjs.org/thenify-all/-/thenify-all-1.6.0.tgz. Extracting by manifest.
995 silly tarball no local data for ts-interface-checker@https://registry.npmjs.org/ts-interface-checker/-/ts-interface-checker-0.1.13.tgz. Extracting by manifest.
996 silly tarball no local data for is-number@https://registry.npmjs.org/is-number/-/is-number-7.0.0.tgz. Extracting by manifest.
997 silly tarball no local data for any-promise@https://registry.npmjs.org/any-promise/-/any-promise-1.3.0.tgz. Extracting by manifest.
998 silly tarball no local data for rollup@https://registry.npmjs.org/rollup/-/rollup-4.63.4.tgz. Extracting by manifest.
999 silly tarball no local data for pirates@https://registry.npmjs.org/pirates/-/pirates-4.0.7.tgz. Extracting by manifest.
1000 silly tarball no local data for lines-and-columns@https://registry.npmjs.org/lines-and-columns/-/lines-and-columns-1.2.4.tgz. Extracting by manifest.
1001 silly tarball no local data for mz@https://registry.npmjs.org/mz/-/mz-2.7.0.tgz. Extracting by manifest.
1002 silly tarball no local data for function-bind@https://registry.npmjs.org/function-bind/-/function-bind-1.1.2.tgz. Extracting by manifest.
1003 silly tarball no local data for queue-microtask@https://registry.npmjs.org/queue-microtask/-/queue-microtask-1.2.3.tgz. Extracting by manifest.
1004 silly tarball no local data for supports-preserve-symlinks-flag@https://registry.npmjs.org/supports-preserve-symlinks-flag/-/supports-preserve-symlinks-flag-1.0.0.tgz. Extracting by manifest.
1005 silly tarball no local data for @types/estree@https://registry.npmjs.org/@types/estree/-/estree-1.0.9.tgz. Extracting by manifest.
1006 silly tarball no local data for hasown@https://registry.npmjs.org/hasown/-/hasown-2.0.4.tgz. Extracting by manifest.
1007 silly tarball no local data for commander@https://registry.npmjs.org/commander/-/commander-4.1.1.tgz. Extracting by manifest.
1008 silly tarball no local data for is-core-module@https://registry.npmjs.org/is-core-module/-/is-core-module-2.17.0.tgz. Extracting by manifest.
1009 silly tarball no local data for es-errors@https://registry.npmjs.org/es-errors/-/es-errors-1.3.0.tgz. Extracting by manifest.
1010 silly tarball no local data for camelcase-css@https://registry.npmjs.org/camelcase-css/-/camelcase-css-2.0.1.tgz. Extracting by manifest.
1011 silly tarball no local data for util-deprecate@https://registry.npmjs.org/util-deprecate/-/util-deprecate-1.0.2.tgz. Extracting by manifest.
1012 silly tarball no local data for tinyglobby@https://registry.npmjs.org/tinyglobby/-/tinyglobby-0.2.17.tgz. Extracting by manifest.
1013 silly tarball no local data for read-cache@https://registry.npmjs.org/read-cache/-/read-cache-1.0.2.tgz. Extracting by manifest.
1014 silly tarball no local data for is-extglob@https://registry.npmjs.org/is-extglob/-/is-extglob-2.1.1.tgz. Extracting by manifest.
1015 silly tarball no local data for to-regex-range@https://registry.npmjs.org/to-regex-range/-/to-regex-range-5.0.1.tgz. Extracting by manifest.
1016 silly tarball no local data for cssesc@https://registry.npmjs.org/cssesc/-/cssesc-3.0.0.tgz. Extracting by manifest.
1017 silly tarball no local data for binary-extensions@https://registry.npmjs.org/binary-extensions/-/binary-extensions-2.3.0.tgz. Extracting by manifest.
1018 silly tarball no local data for run-parallel@https://registry.npmjs.org/run-parallel/-/run-parallel-1.2.0.tgz. Extracting by manifest.
1019 silly tarball no local data for reusify@https://registry.npmjs.org/reusify/-/reusify-1.1.0.tgz. Extracting by manifest.
1020 silly tarball no local data for object-assign@https://registry.npmjs.org/object-assign/-/object-assign-4.1.1.tgz. Extracting by manifest.
1021 silly tarball no local data for fastq@https://registry.npmjs.org/fastq/-/fastq-1.20.3.tgz. Extracting by manifest.
1022 silly tarball no local data for picomatch@https://registry.npmjs.org/picomatch/-/picomatch-2.3.2.tgz. Extracting by manifest.
1023 silly tarball no local data for @nodelib/fs.stat@https://registry.npmjs.org/@nodelib/fs.stat/-/fs.stat-2.0.5.tgz. Extracting by manifest.
1024 silly tarball no local data for path-parse@https://registry.npmjs.org/path-parse/-/path-parse-1.0.7.tgz. Extracting by manifest.
1025 silly tarball no local data for readdirp@https://registry.npmjs.org/readdirp/-/readdirp-3.6.0.tgz. Extracting by manifest.
1026 silly tarball no local data for anymatch@https://registry.npmjs.org/anymatch/-/anymatch-3.1.3.tgz. Extracting by manifest.
1027 silly tarball no local data for fill-range@https://registry.npmjs.org/fill-range/-/fill-range-7.1.1.tgz. Extracting by manifest.
1028 silly tarball no local data for resolve@https://registry.npmjs.org/resolve/-/resolve-1.22.12.tgz. Extracting by manifest.
1029 silly tarball no local data for postcss-selector-parser@https://registry.npmjs.org/postcss-selector-parser/-/postcss-selector-parser-6.1.4.tgz. Extracting by manifest.
1030 silly tarball no local data for sucrase@https://registry.npmjs.org/sucrase/-/sucrase-3.35.1.tgz. Extracting by manifest.
1031 silly tarball no local data for postcss-nested@https://registry.npmjs.org/postcss-nested/-/postcss-nested-6.2.0.tgz. Extracting by manifest.
1032 silly tarball no local data for postcss-load-config@https://registry.npmjs.org/postcss-load-config/-/postcss-load-config-6.0.1.tgz. Extracting by manifest.
1033 silly tarball no local data for postcss-import@https://registry.npmjs.org/postcss-import/-/postcss-import-15.1.0.tgz. Extracting by manifest.
1034 silly tarball no local data for postcss-js@https://registry.npmjs.org/postcss-js/-/postcss-js-4.1.0.tgz. Extracting by manifest.
1035 silly tarball no local data for object-hash@https://registry.npmjs.org/object-hash/-/object-hash-3.0.0.tgz. Extracting by manifest.
1036 silly tarball no local data for @nodelib/fs.walk@https://registry.npmjs.org/@nodelib/fs.walk/-/fs.walk-1.2.8.tgz. Extracting by manifest.
1037 silly tarball no local data for merge2@https://registry.npmjs.org/merge2/-/merge2-1.4.1.tgz. Extracting by manifest.
1038 silly tarball no local data for normalize-path@https://registry.npmjs.org/normalize-path/-/normalize-path-3.0.0.tgz. Extracting by manifest.
1039 silly tarball no local data for jiti@https://registry.npmjs.org/jiti/-/jiti-1.21.7.tgz. Extracting by manifest.
1040 silly tarball no local data for glob-parent@https://registry.npmjs.org/glob-parent/-/glob-parent-6.0.2.tgz. Extracting by manifest.
1041 silly tarball no local data for lilconfig@https://registry.npmjs.org/lilconfig/-/lilconfig-3.1.3.tgz. Extracting by manifest.
1042 silly tarball no local data for dlv@https://registry.npmjs.org/dlv/-/dlv-1.1.3.tgz. Extracting by manifest.
1043 silly tarball no local data for is-glob@https://registry.npmjs.org/is-glob/-/is-glob-4.0.3.tgz. Extracting by manifest.
1044 silly tarball no local data for fast-glob@https://registry.npmjs.org/fast-glob/-/fast-glob-3.3.3.tgz. Extracting by manifest.
1045 silly tarball no local data for chokidar@https://registry.npmjs.org/chokidar/-/chokidar-3.6.0.tgz. Extracting by manifest.
1046 silly tarball no local data for scheduler@https://registry.npmjs.org/scheduler/-/scheduler-0.23.2.tgz. Extracting by manifest.
1047 silly tarball no local data for braces@https://registry.npmjs.org/braces/-/braces-3.0.3.tgz. Extracting by manifest.
1048 silly tarball no local data for arg@https://registry.npmjs.org/arg/-/arg-5.0.2.tgz. Extracting by manifest.
1049 silly tarball no local data for loose-envify@https://registry.npmjs.org/loose-envify/-/loose-envify-1.4.0.tgz. Extracting by manifest.
1050 silly tarball no local data for @alloc/quick-lru@https://registry.npmjs.org/@alloc/quick-lru/-/quick-lru-5.3.0.tgz. Extracting by manifest.
1051 silly tarball no local data for nanoid@https://registry.npmjs.org/nanoid/-/nanoid-3.3.19.tgz. Extracting by manifest.
1052 silly tarball no local data for yallist@https://registry.npmjs.org/yallist/-/yallist-3.1.1.tgz. Extracting by manifest.
1053 silly tarball no local data for motion-utils@https://registry.npmjs.org/motion-utils/-/motion-utils-11.18.1.tgz. Extracting by manifest.
1054 silly tarball no local data for tslib@https://registry.npmjs.org/tslib/-/tslib-2.8.1.tgz. Extracting by manifest.
1055 silly tarball no local data for motion-dom@https://registry.npmjs.org/motion-dom/-/motion-dom-11.18.1.tgz. Extracting by manifest.
1056 silly tarball no local data for ms@https://registry.npmjs.org/ms/-/ms-2.1.3.tgz. Extracting by manifest.
1057 silly tarball no local data for update-browserslist-db@https://registry.npmjs.org/update-browserslist-db/-/update-browserslist-db-1.3.3.tgz. Extracting by manifest.
1058 silly tarball no local data for node-releases@https://registry.npmjs.org/node-releases/-/node-releases-2.0.56.tgz. Extracting by manifest.
1059 silly tarball no local data for electron-to-chromium@https://registry.npmjs.org/electron-to-chromium/-/electron-to-chromium-1.5.434.tgz. Extracting by manifest.
1060 silly tarball no local data for didyoumean@https://registry.npmjs.org/didyoumean/-/didyoumean-1.2.2.tgz. Extracting by manifest.
1061 silly tarball no local data for baseline-browser-mapping@https://registry.npmjs.org/baseline-browser-mapping/-/baseline-browser-mapping-2.11.25.tgz. Extracting by manifest.
1062 silly tarball no local data for postcss-value-parser@https://registry.npmjs.org/postcss-value-parser/-/postcss-value-parser-4.2.0.tgz. Extracting by manifest.
1063 silly tarball no local data for caniuse-lite@https://registry.npmjs.org/caniuse-lite/-/caniuse-lite-1.0.30001810.tgz. Extracting by manifest.
1064 silly tarball no local data for is-binary-path@https://registry.npmjs.org/is-binary-path/-/is-binary-path-2.1.0.tgz. Extracting by manifest.
1065 silly tarball no local data for @nodelib/fs.scandir@https://registry.npmjs.org/@nodelib/fs.scandir/-/fs.scandir-2.1.5.tgz. Extracting by manifest.
1066 silly tarball no local data for @types/babel__generator@https://registry.npmjs.org/@types/babel__generator/-/babel__generator-7.27.0.tgz. Extracting by manifest.
1067 silly tarball no local data for @types/babel__template@https://registry.npmjs.org/@types/babel__template/-/babel__template-7.4.4.tgz. Extracting by manifest.
1068 silly tarball no local data for @types/babel__traverse@https://registry.npmjs.org/@types/babel__traverse/-/babel__traverse-7.28.0.tgz. Extracting by manifest.
1069 silly tarball no local data for @jridgewell/resolve-uri@https://registry.npmjs.org/@jridgewell/resolve-uri/-/resolve-uri-3.1.2.tgz. Extracting by manifest.
1070 silly tarball no local data for @babel/helper-globals@https://registry.npmjs.org/@babel/helper-globals/-/helper-globals-7.29.7.tgz. Extracting by manifest.
1071 silly tarball no local data for @babel/helper-string-parser@https://registry.npmjs.org/@babel/helper-string-parser/-/helper-string-parser-7.29.7.tgz. Extracting by manifest.
1072 silly tarball no local data for lru-cache@https://registry.npmjs.org/lru-cache/-/lru-cache-5.1.1.tgz. Extracting by manifest.
1073 silly tarball no local data for @babel/helper-module-imports@https://registry.npmjs.org/@babel/helper-module-imports/-/helper-module-imports-7.29.7.tgz. Extracting by manifest.
1074 silly tarball no local data for @babel/helper-plugin-utils@https://registry.npmjs.org/@babel/helper-plugin-utils/-/helper-plugin-utils-7.29.7.tgz. Extracting by manifest.
1075 silly tarball no local data for @babel/helper-validator-option@https://registry.npmjs.org/@babel/helper-validator-option/-/helper-validator-option-7.29.7.tgz. Extracting by manifest.
1076 silly tarball no local data for @babel/compat-data@https://registry.npmjs.org/@babel/compat-data/-/compat-data-7.29.7.tgz. Extracting by manifest.
1077 silly tarball no local data for browserslist@https://registry.npmjs.org/browserslist/-/browserslist-4.29.0.tgz. Extracting by manifest.
1078 silly tarball no local data for fraction.js@https://registry.npmjs.org/fraction.js/-/fraction.js-5.3.4.tgz. Extracting by manifest.
1079 silly tarball no local data for micromatch@https://registry.npmjs.org/micromatch/-/micromatch-4.0.8.tgz. Extracting by manifest.
1080 silly tarball no local data for picocolors@https://registry.npmjs.org/picocolors/-/picocolors-1.1.1.tgz. Extracting by manifest.
1081 silly tarball no local data for js-tokens@https://registry.npmjs.org/js-tokens/-/js-tokens-4.0.0.tgz. Extracting by manifest.
1082 silly tarball no local data for @jridgewell/trace-mapping@https://registry.npmjs.org/@jridgewell/trace-mapping/-/trace-mapping-0.3.31.tgz. Extracting by manifest.
1083 silly tarball no local data for gensync@https://registry.npmjs.org/gensync/-/gensync-1.0.0-beta.2.tgz. Extracting by manifest.
1084 silly tarball no local data for jsesc@https://registry.npmjs.org/jsesc/-/jsesc-3.1.0.tgz. Extracting by manifest.
1085 silly tarball no local data for json5@https://registry.npmjs.org/json5/-/json5-2.2.3.tgz. Extracting by manifest.
1086 silly tarball no local data for debug@https://registry.npmjs.org/debug/-/debug-4.4.3.tgz. Extracting by manifest.
1087 silly tarball no local data for convert-source-map@https://registry.npmjs.org/convert-source-map/-/convert-source-map-2.0.0.tgz. Extracting by manifest.
1088 silly tarball no local data for @jridgewell/gen-mapping@https://registry.npmjs.org/@jridgewell/gen-mapping/-/gen-mapping-0.3.13.tgz. Extracting by manifest.
1089 silly tarball no local data for @jridgewell/remapping@https://registry.npmjs.org/@jridgewell/remapping/-/remapping-2.3.5.tgz. Extracting by manifest.
1090 silly tarball no local data for @babel/helper-validator-identifier@https://registry.npmjs.org/@babel/helper-validator-identifier/-/helper-validator-identifier-7.29.7.tgz. Extracting by manifest.
1091 silly tarball no local data for @babel/traverse@https://registry.npmjs.org/@babel/traverse/-/traverse-7.29.8.tgz. Extracting by manifest.
1092 silly tarball no local data for @babel/helpers@https://registry.npmjs.org/@babel/helpers/-/helpers-7.29.7.tgz. Extracting by manifest.
1093 silly tarball no local data for @babel/template@https://registry.npmjs.org/@babel/template/-/template-7.29.7.tgz. Extracting by manifest.
1094 silly tarball no local data for @babel/helper-compilation-targets@https://registry.npmjs.org/@babel/helper-compilation-targets/-/helper-compilation-targets-7.29.7.tgz. Extracting by manifest.
1095 silly tarball no local data for @babel/helper-module-transforms@https://registry.npmjs.org/@babel/helper-module-transforms/-/helper-module-transforms-7.29.7.tgz. Extracting by manifest.
1096 silly tarball no local data for @babel/generator@https://registry.npmjs.org/@babel/generator/-/generator-7.29.8.tgz. Extracting by manifest.
1097 silly tarball no local data for semver@https://registry.npmjs.org/semver/-/semver-6.3.1.tgz. Extracting by manifest.
1098 silly tarball no local data for react-refresh@https://registry.npmjs.org/react-refresh/-/react-refresh-0.17.0.tgz. Extracting by manifest.
1099 silly tarball no local data for @types/babel__core@https://registry.npmjs.org/@types/babel__core/-/babel__core-7.20.5.tgz. Extracting by manifest.
1100 silly tarball no local data for @babel/plugin-transform-react-jsx-source@https://registry.npmjs.org/@babel/plugin-transform-react-jsx-source/-/plugin-transform-react-jsx-source-7.29.7.tgz. Extracting by manifest.
1101 silly tarball no local data for @babel/parser@https://registry.npmjs.org/@babel/parser/-/parser-7.29.9.tgz. Extracting by manifest.
1102 silly tarball no local data for @babel/types@https://registry.npmjs.org/@babel/types/-/types-7.29.8.tgz. Extracting by manifest.
1103 silly tarball no local data for @babel/code-frame@https://registry.npmjs.org/@babel/code-frame/-/code-frame-7.29.7.tgz. Extracting by manifest.
1104 silly tarball no local data for @babel/core@https://registry.npmjs.org/@babel/core/-/core-7.29.7.tgz. Extracting by manifest.
1105 silly tarball no local data for @types/prop-types@https://registry.npmjs.org/@types/prop-types/-/prop-types-15.7.15.tgz. Extracting by manifest.
1106 silly tarball no local data for csstype@https://registry.npmjs.org/csstype/-/csstype-3.2.3.tgz. Extracting by manifest.
1107 silly tarball no local data for @babel/plugin-transform-react-jsx-self@https://registry.npmjs.org/@babel/plugin-transform-react-jsx-self/-/plugin-transform-react-jsx-self-7.29.7.tgz. Extracting by manifest.
1108 silly tarball no local data for react-dom@https://registry.npmjs.org/react-dom/-/react-dom-18.3.1.tgz. Extracting by manifest.
1109 silly tarball no local data for tailwind-merge@https://registry.npmjs.org/tailwind-merge/-/tailwind-merge-2.6.1.tgz. Extracting by manifest.
1110 silly tarball no local data for tailwindcss@https://registry.npmjs.org/tailwindcss/-/tailwindcss-3.4.19.tgz. Extracting by manifest.
1111 silly tarball no local data for framer-motion@https://registry.npmjs.org/framer-motion/-/framer-motion-11.18.2.tgz. Extracting by manifest.
1112 silly tarball no local data for canvas-confetti@https://registry.npmjs.org/canvas-confetti/-/canvas-confetti-1.9.4.tgz. Extracting by manifest.
1113 silly tarball no local data for autoprefixer@https://registry.npmjs.org/autoprefixer/-/autoprefixer-10.6.1.tgz. Extracting by manifest.
1114 silly tarball no local data for clsx@https://registry.npmjs.org/clsx/-/clsx-2.1.1.tgz. Extracting by manifest.
1115 silly tarball no local data for react@https://registry.npmjs.org/react/-/react-18.3.1.tgz. Extracting by manifest.
1116 silly tarball no local data for @vitejs/plugin-react@https://registry.npmjs.org/@vitejs/plugin-react/-/plugin-react-4.7.0.tgz. Extracting by manifest.
1117 silly tarball no local data for @types/react-dom@https://registry.npmjs.org/@types/react-dom/-/react-dom-18.3.7.tgz. Extracting by manifest.
1118 silly tarball no local data for source-map-js@https://registry.npmjs.org/source-map-js/-/source-map-js-1.2.1.tgz. Extracting by manifest.
1119 silly tarball no local data for postcss@https://registry.npmjs.org/postcss/-/postcss-8.5.28.tgz. Extracting by manifest.
1120 silly tarball no local data for picomatch@https://registry.npmjs.org/picomatch/-/picomatch-4.0.7.tgz. Extracting by manifest.
1121 silly tarball no local data for @types/canvas-confetti@https://registry.npmjs.org/@types/canvas-confetti/-/canvas-confetti-1.9.0.tgz. Extracting by manifest.
1122 silly tarball no local data for vite@https://registry.npmjs.org/vite/-/vite-5.4.21.tgz. Extracting by manifest.
1123 silly tarball no local data for @types/react@https://registry.npmjs.org/@types/react/-/react-18.3.31.tgz. Extracting by manifest.
1124 silly tarball no local data for glob-parent@https://registry.npmjs.org/glob-parent/-/glob-parent-5.1.2.tgz. Extracting by manifest.
1125 silly tarball no local data for lucide-react@https://registry.npmjs.org/lucide-react/-/lucide-react-0.475.0.tgz. Extracting by manifest.
1126 silly tarball no local data for @rolldown/pluginutils@https://registry.npmjs.org/@rolldown/pluginutils/-/pluginutils-1.0.0-beta.27.tgz. Extracting by manifest.
1127 silly tarball no local data for fdir@https://registry.npmjs.org/fdir/-/fdir-6.5.0.tgz. Extracting by manifest.
1128 silly tarball no local data for @jridgewell/sourcemap-codec@https://registry.npmjs.org/@jridgewell/sourcemap-codec/-/sourcemap-codec-1.6.0.tgz. Extracting by manifest.
1129 silly tarball no local data for typescript@https://registry.npmjs.org/typescript/-/typescript-5.9.3.tgz. Extracting by manifest.
1130 silly tarball no local data for glob-parent@https://registry.npmjs.org/glob-parent/-/glob-parent-5.1.2.tgz. Extracting by manifest.
1131 http fetch POST 200 https://registry.npmjs.org/-/npm/v1/security/advisories/bulk 545ms
1132 timing auditReport:getReport Completed in 550ms
1133 silly audit report {
1133 silly audit report   vite: [
1133 silly audit report     {
1133 silly audit report       id: 1120784,
1133 silly audit report       url: 'https://github.com/advisories/GHSA-v6wh-96g9-6wx3',
1133 silly audit report       title: 'launch-editor: NTLMv2 hash disclosure via UNC path handling on Windows',
1133 silly audit report       severity: 'moderate',
1133 silly audit report       vulnerable_versions: '<=6.4.2',
1133 silly audit report       cwe: [Array],
1133 silly audit report       cvss: [Object]
1133 silly audit report     },
1133 silly audit report     {
1133 silly audit report       id: 1116229,
1133 silly audit report       url: 'https://github.com/advisories/GHSA-4w7w-66w2-5vf9',
1133 silly audit report       title: 'Vite Vulnerable to Path Traversal in Optimized Deps `.map` Handling',
1133 silly audit report       severity: 'moderate',
1133 silly audit report       vulnerable_versions: '<=6.4.1',
1133 silly audit report       cwe: [Array],
1133 silly audit report       cvss: [Object]
1133 silly audit report     },
1133 silly audit report     {
1133 silly audit report       id: 1123525,
1133 silly audit report       url: 'https://github.com/advisories/GHSA-fx2h-pf6j-xcff',
1133 silly audit report       title: 'vite: `server.fs.deny` bypass on Windows alternate paths',
1133 silly audit report       severity: 'high',
1133 silly audit report       vulnerable_versions: '<=6.4.2',
1133 silly audit report       cwe: [Array],
1133 silly audit report       cvss: [Object]
1133 silly audit report     }
1133 silly audit report   ],
1133 silly audit report   esbuild: [
1133 silly audit report     {
1133 silly audit report       id: 1102341,
1133 silly audit report       url: 'https://github.com/advisories/GHSA-67mh-4wv8-2f99',
1133 silly audit report       title: 'esbuild enables any website to send any requests to the development server and read the response',
1133 silly audit report       severity: 'moderate',
1133 silly audit report       vulnerable_versions: '<=0.24.2',
1133 silly audit report       cwe: [Array],
1133 silly audit report       cvss: [Object]
1133 silly audit report     }
1133 silly audit report   ]
1133 silly audit report }
1134 timing metavuln:packument:vite Completed in 1ms
1135 timing metavuln:packument:esbuild Completed in 0ms
1136 timing metavuln:cache:get:security-advisory:vite:CReXW7o3cJZ0aN4nhg/gRV1E8OPJ2SoGmmUw6lY2bLjCfF70z3PbDKbutfCbWYbBHkeQ6W4F2IxffSmtDjtaNw== Completed in 2ms
1137 timing metavuln:load:security-advisory:vite:1120784 Completed in 27ms
1138 timing metavuln:cache:get:security-advisory:vite:I1BdsVrQ8+F0Nz5pjiEY7gYSFBzvKNwOR8nQyg9euOprN34SC4VipJH1GMc8WCRl+e0xZWGr2QiYwiNwqO4gag== Completed in 30ms
1139 timing metavuln:load:security-advisory:vite:1116229 Completed in 12ms
1140 timing metavuln:cache:get:security-advisory:vite:eMMc8JhNvO5glHecr/Tzj6irpQ2XClO6WLy0eMQ1runry3c/+QJOQWsEHiljttVj4U5BjLuVLZPqZyDVgTsriA== Completed in 43ms
1141 timing metavuln:load:security-advisory:vite:1123525 Completed in 14ms
1142 timing metavuln:cache:get:security-advisory:esbuild:jKdCIzePj7J1488qgRXvF8Srh9wutSuR1exB8YooNX62hT+qhtrUXYbArLNoIhgwbaCqKpmduh18syZU7BR9SA== Completed in 58ms
1143 timing metavuln:load:security-advisory:esbuild:1102341 Completed in 6ms
1144 http fetch GET 200 https://registry.npmjs.org/escalade/-/escalade-3.2.0.tgz 1260ms (cache miss)
1145 timing metavuln:cache:put:security-advisory:vite:CReXW7o3cJZ0aN4nhg/gRV1E8OPJ2SoGmmUw6lY2bLjCfF70z3PbDKbutfCbWYbBHkeQ6W4F2IxffSmtDjtaNw== Completed in 1107ms
1146 timing metavuln:calculate:security-advisory:vite:1120784 Completed in 1137ms
1147 timing metavuln:cache:put:security-advisory:vite:I1BdsVrQ8+F0Nz5pjiEY7gYSFBzvKNwOR8nQyg9euOprN34SC4VipJH1GMc8WCRl+e0xZWGr2QiYwiNwqO4gag== Completed in 1093ms
1148 timing metavuln:calculate:security-advisory:vite:1116229 Completed in 1136ms
1149 http fetch GET 200 https://registry.npmjs.org/pirates/-/pirates-4.0.7.tgz 1352ms (cache miss)
1150 timing reifyNode:node_modules/pirates Completed in 1685ms
1151 http fetch GET 200 https://registry.npmjs.org/function-bind/-/function-bind-1.1.2.tgz 1350ms (cache miss)
1152 http fetch GET 200 https://registry.npmjs.org/is-number/-/is-number-7.0.0.tgz 1464ms (cache miss)
1153 timing reifyNode:node_modules/is-number Completed in 1785ms
1154 http fetch GET 200 https://registry.npmjs.org/queue-microtask/-/queue-microtask-1.2.3.tgz 1454ms (cache miss)
1155 timing reifyNode:node_modules/queue-microtask Completed in 1791ms
1156 http fetch GET 200 https://registry.npmjs.org/thenify/-/thenify-3.3.1.tgz 1559ms (cache miss)
1157 timing reifyNode:node_modules/thenify Completed in 1873ms
1158 http fetch GET 200 https://registry.npmjs.org/thenify-all/-/thenify-all-1.6.0.tgz 1557ms (cache miss)
1159 timing reifyNode:node_modules/thenify-all Completed in 1874ms
1160 http fetch GET 200 https://registry.npmjs.org/any-promise/-/any-promise-1.3.0.tgz 1553ms (cache miss)
1161 http fetch GET 200 https://registry.npmjs.org/lines-and-columns/-/lines-and-columns-1.2.4.tgz 1543ms (cache miss)
1162 timing reifyNode:node_modules/lines-and-columns Completed in 1877ms
1163 http fetch GET 200 https://registry.npmjs.org/mz/-/mz-2.7.0.tgz 1542ms (cache miss)
1164 http fetch GET 200 https://registry.npmjs.org/hasown/-/hasown-2.0.4.tgz 1540ms (cache miss)
1165 http fetch GET 200 https://registry.npmjs.org/es-errors/-/es-errors-1.3.0.tgz 1535ms (cache miss)
1166 http fetch GET 200 https://registry.npmjs.org/is-core-module/-/is-core-module-2.17.0.tgz 1543ms (cache miss)
1167 http fetch GET 200 https://registry.npmjs.org/tinyglobby/-/tinyglobby-0.2.17.tgz 1539ms (cache miss)
1168 http fetch GET 200 https://registry.npmjs.org/@types/estree/-/estree-1.0.9.tgz 1732ms (cache miss)
1169 timing reifyNode:node_modules/@types/estree Completed in 2077ms
1170 http fetch GET 200 https://registry.npmjs.org/cssesc/-/cssesc-3.0.0.tgz 1720ms (cache miss)
1171 timing metavuln:cache:put:security-advisory:vite:eMMc8JhNvO5glHecr/Tzj6irpQ2XClO6WLy0eMQ1runry3c/+QJOQWsEHiljttVj4U5BjLuVLZPqZyDVgTsriA== Completed in 1585ms
1172 timing metavuln:calculate:security-advisory:vite:1123525 Completed in 1643ms
1173 timing metavuln:cache:put:security-advisory:esbuild:jKdCIzePj7J1488qgRXvF8Srh9wutSuR1exB8YooNX62hT+qhtrUXYbArLNoIhgwbaCqKpmduh18syZU7BR9SA== Completed in 1580ms
1174 timing metavuln:calculate:security-advisory:esbuild:1102341 Completed in 1644ms
1175 timing metavuln:packument:@vitejs/plugin-react Completed in 0ms
1176 http fetch GET 200 https://registry.npmjs.org/camelcase-css/-/camelcase-css-2.0.1.tgz 1868ms (cache miss)
1177 timing reifyNode:node_modules/camelcase-css Completed in 2214ms
1178 timing reifyNode:node_modules/is-core-module Completed in 2218ms
1179 http fetch GET 200 https://registry.npmjs.org/reusify/-/reusify-1.1.0.tgz 1859ms (cache miss)
1180 timing metavuln:cache:get:security-advisory:@vitejs/plugin-react:0wQCaOjcD8j0E7CMKhLqaS736eOSJ1bx2S6fgASRE/T1guYEGWsGCQ7ThaaT9lDO/+W4PkJcRr36iPsISMLuLg== Completed in 135ms
1181 timing metavuln:load:security-advisory:@vitejs/plugin-react:CReXW7o3cJZ0aN4nhg/gRV1E8OPJ2SoGmmUw6lY2bLjCfF70z3PbDKbutfCbWYbBHkeQ6W4F2IxffSmtDjtaNw== Completed in 52ms
1182 timing reifyNode:node_modules/escalade Completed in 2397ms
1183 timing reifyNode:node_modules/mz Completed in 2401ms
1184 http fetch GET 200 https://registry.npmjs.org/supports-preserve-symlinks-flag/-/supports-preserve-symlinks-flag-1.0.0.tgz 2065ms (cache miss)
1185 timing reifyNode:node_modules/tinyglobby Completed in 2407ms
1186 http fetch GET 200 https://registry.npmjs.org/to-regex-range/-/to-regex-range-5.0.1.tgz 2051ms (cache miss)
1187 timing reifyNode:node_modules/to-regex-range Completed in 2406ms
1188 http fetch GET 200 https://registry.npmjs.org/read-cache/-/read-cache-1.0.2.tgz 2056ms (cache miss)
1189 timing reifyNode:node_modules/read-cache Completed in 2406ms
1190 http fetch GET 200 https://registry.npmjs.org/binary-extensions/-/binary-extensions-2.3.0.tgz 2048ms (cache miss)
1191 timing reifyNode:node_modules/binary-extensions Completed in 2406ms
1192 http fetch GET 200 https://registry.npmjs.org/fill-range/-/fill-range-7.1.1.tgz 2036ms (cache miss)
1193 timing reifyNode:node_modules/fill-range Completed in 2413ms
1194 http fetch GET 200 https://registry.npmjs.org/anymatch/-/anymatch-3.1.3.tgz 2046ms (cache miss)
1195 timing reifyNode:node_modules/anymatch Completed in 2420ms
1196 timing reifyNode:node_modules/supports-preserve-symlinks-flag Completed in 2566ms
1197 timing reifyNode:node_modules/hasown Completed in 2567ms
1198 http fetch GET 200 https://registry.npmjs.org/commander/-/commander-4.1.1.tgz 2224ms (cache miss)
1199 http fetch GET 200 https://registry.npmjs.org/util-deprecate/-/util-deprecate-1.0.2.tgz 2221ms (cache miss)
1200 timing reifyNode:node_modules/util-deprecate Completed in 2569ms
1201 http fetch GET 200 https://registry.npmjs.org/run-parallel/-/run-parallel-1.2.0.tgz 2209ms (cache miss)
1202 timing reifyNode:node_modules/run-parallel Completed in 2569ms
1203 http fetch GET 200 https://registry.npmjs.org/fastq/-/fastq-1.20.3.tgz 2206ms (cache miss)
1204 http fetch GET 200 https://registry.npmjs.org/object-assign/-/object-assign-4.1.1.tgz 2210ms (cache miss)
1205 timing reifyNode:node_modules/object-assign Completed in 2574ms
1206 http fetch GET 200 https://registry.npmjs.org/@nodelib/fs.stat/-/fs.stat-2.0.5.tgz 2204ms (cache miss)
1207 http fetch GET 200 https://registry.npmjs.org/path-parse/-/path-parse-1.0.7.tgz 2203ms (cache miss)
1208 timing reifyNode:node_modules/path-parse Completed in 2574ms
1209 http fetch GET 200 https://registry.npmjs.org/postcss-nested/-/postcss-nested-6.2.0.tgz 2195ms (cache miss)
1210 timing reifyNode:node_modules/postcss-nested Completed in 2579ms
1211 timing reifyNode:node_modules/cssesc Completed in 2598ms
1212 http fetch GET 200 https://registry.npmjs.org/is-extglob/-/is-extglob-2.1.1.tgz 2365ms (cache miss)
1213 timing reifyNode:node_modules/is-extglob Completed in 2717ms
1214 http fetch GET 200 https://registry.npmjs.org/normalize-path/-/normalize-path-3.0.0.tgz 2328ms (cache miss)
1215 timing reifyNode:node_modules/normalize-path Completed in 2726ms
1216 http fetch GET 200 https://registry.npmjs.org/arg/-/arg-5.0.2.tgz 2330ms (cache miss)
1217 timing reifyNode:node_modules/arg Completed in 2739ms
1218 http fetch GET 200 https://registry.npmjs.org/esbuild/-/esbuild-0.21.5.tgz 2588ms (cache miss)
1219 timing reifyNode:node_modules/commander Completed in 2901ms
1220 http fetch GET 200 https://registry.npmjs.org/postcss-js/-/postcss-js-4.1.0.tgz 2518ms (cache miss)
1221 http fetch GET 200 https://registry.npmjs.org/object-hash/-/object-hash-3.0.0.tgz 2517ms (cache miss)
1222 http fetch GET 200 https://registry.npmjs.org/postcss-load-config/-/postcss-load-config-6.0.1.tgz 2526ms (cache miss)
1223 http fetch GET 200 https://registry.npmjs.org/@nodelib/fs.walk/-/fs.walk-1.2.8.tgz 2517ms (cache miss)
1224 http fetch GET 200 https://registry.npmjs.org/glob-parent/-/glob-parent-6.0.2.tgz 2516ms (cache miss)
1225 timing reifyNode:node_modules/glob-parent Completed in 2917ms
1226 http fetch GET 200 https://registry.npmjs.org/motion-utils/-/motion-utils-11.18.1.tgz 2513ms (cache miss)
1227 http fetch GET 200 https://registry.npmjs.org/readdirp/-/readdirp-3.6.0.tgz 2668ms (cache miss)
1228 timing reifyNode:node_modules/readdirp Completed in 3040ms
1229 timing reifyNode:node_modules/postcss-js Completed in 3049ms
1230 http fetch GET 200 https://registry.npmjs.org/dlv/-/dlv-1.1.3.tgz 2659ms (cache miss)
1231 http fetch GET 200 https://registry.npmjs.org/lilconfig/-/lilconfig-3.1.3.tgz 2662ms (cache miss)
1232 timing reifyNode:node_modules/lilconfig Completed in 3067ms
1233 http fetch GET 200 https://registry.npmjs.org/node-releases/-/node-releases-2.0.56.tgz 2663ms (cache miss)
1234 timing reifyNode:node_modules/esbuild Completed in 3191ms
1235 http fetch GET 200 https://registry.npmjs.org/ts-interface-checker/-/ts-interface-checker-0.1.13.tgz 2873ms (cache miss)
1236 timing reifyNode:node_modules/postcss-load-config Completed in 3218ms
1237 http fetch GET 200 https://registry.npmjs.org/postcss-import/-/postcss-import-15.1.0.tgz 2831ms (cache miss)
1238 timing reifyNode:node_modules/object-hash Completed in 3223ms
1239 http fetch GET 200 https://registry.npmjs.org/merge2/-/merge2-1.4.1.tgz 2827ms (cache miss)
1240 timing reifyNode:node_modules/merge2 Completed in 3225ms
1241 timing reifyNode:node_modules/dlv Completed in 3236ms
1242 http fetch GET 200 https://registry.npmjs.org/nanoid/-/nanoid-3.3.19.tgz 2828ms (cache miss)
1243 http fetch GET 200 https://registry.npmjs.org/@alloc/quick-lru/-/quick-lru-5.3.0.tgz 2829ms (cache miss)
1244 timing reifyNode:node_modules/@alloc/quick-lru Completed in 3240ms
1245 http fetch GET 200 https://registry.npmjs.org/didyoumean/-/didyoumean-1.2.2.tgz 2830ms (cache miss)
1246 timing reifyNode:node_modules/didyoumean Completed in 3248ms
1247 timing reifyNode:node_modules/function-bind Completed in 3364ms
1248 http fetch GET 200 https://registry.npmjs.org/is-glob/-/is-glob-4.0.3.tgz 2975ms (cache miss)
1249 timing reifyNode:node_modules/is-glob Completed in 3380ms
1250 http fetch GET 200 https://registry.npmjs.org/ms/-/ms-2.1.3.tgz 2971ms (cache miss)
1251 timing reifyNode:node_modules/ms Completed in 3386ms
1252 http fetch GET 200 https://registry.npmjs.org/postcss-value-parser/-/postcss-value-parser-4.2.0.tgz 2968ms (cache miss)
1253 http fetch GET 200 https://registry.npmjs.org/@types/babel__traverse/-/babel__traverse-7.28.0.tgz 2968ms (cache miss)
1254 http fetch GET 200 https://registry.npmjs.org/lru-cache/-/lru-cache-5.1.1.tgz 2968ms (cache miss)
1255 timing reifyNode:node_modules/lru-cache Completed in 3395ms
1256 http fetch GET 200 https://registry.npmjs.org/@babel/helper-string-parser/-/helper-string-parser-7.29.7.tgz 2970ms (cache miss)
1257 http fetch GET 200 https://registry.npmjs.org/@babel/helper-globals/-/helper-globals-7.29.7.tgz 2973ms (cache miss)
1258 timing reifyNode:node_modules/ts-interface-checker Completed in 3509ms
1259 http fetch GET 200 https://registry.npmjs.org/picomatch/-/picomatch-2.3.2.tgz 3147ms (cache miss)
1260 http fetch GET 200 https://registry.npmjs.org/braces/-/braces-3.0.3.tgz 3112ms (cache miss)
1261 http fetch GET 200 https://registry.npmjs.org/loose-envify/-/loose-envify-1.4.0.tgz 3112ms (cache miss)
1262 timing reifyNode:node_modules/loose-envify Completed in 3521ms
1263 http fetch GET 200 https://registry.npmjs.org/is-binary-path/-/is-binary-path-2.1.0.tgz 3105ms (cache miss)
1264 timing reifyNode:node_modules/is-binary-path Completed in 3528ms
1265 http fetch GET 200 https://registry.npmjs.org/@jridgewell/resolve-uri/-/resolve-uri-3.1.2.tgz 3102ms (cache miss)
1266 timing reifyNode:node_modules/@babel/helper-string-parser Completed in 3539ms
1267 http fetch GET 200 https://registry.npmjs.org/@types/babel__generator/-/babel__generator-7.27.0.tgz 3137ms (cache miss)
1268 timing reifyNode:node_modules/@types/babel__generator Completed in 3558ms
1269 http fetch GET 200 https://registry.npmjs.org/yallist/-/yallist-3.1.1.tgz 3187ms (cache miss)
1270 timing reifyNode:node_modules/yallist Completed in 3600ms
1271 http fetch GET 200 https://registry.npmjs.org/update-browserslist-db/-/update-browserslist-db-1.3.3.tgz 3187ms (cache miss)
1272 timing reifyNode:node_modules/update-browserslist-db Completed in 3603ms
1273 http fetch GET 200 https://registry.npmjs.org/@babel/helper-plugin-utils/-/helper-plugin-utils-7.29.7.tgz 3178ms (cache miss)
1274 timing reifyNode:node_modules/@babel/helper-plugin-utils Completed in 3607ms
1275 timing reifyNode:node_modules/@babel/helper-globals Completed in 3607ms
1276 http fetch GET 200 https://registry.npmjs.org/@babel/compat-data/-/compat-data-7.29.7.tgz 3177ms (cache miss)
1277 http fetch GET 200 https://registry.npmjs.org/gensync/-/gensync-1.0.0-beta.2.tgz 3175ms (cache miss)
1278 http fetch GET 200 https://registry.npmjs.org/convert-source-map/-/convert-source-map-2.0.0.tgz 3176ms (cache miss)
1279 timing reifyNode:node_modules/convert-source-map Completed in 3615ms
1280 http fetch GET 200 https://registry.npmjs.org/@jridgewell/remapping/-/remapping-2.3.5.tgz 3178ms (cache miss)
1281 timing reifyNode:node_modules/postcss-import Completed in 3680ms
1282 http fetch GET 200 https://registry.npmjs.org/@types/babel__template/-/babel__template-7.4.4.tgz 3265ms (cache miss)
1283 timing reifyNode:node_modules/@types/babel__template Completed in 3687ms
1284 http fetch GET 200 https://registry.npmjs.org/@nodelib/fs.scandir/-/fs.scandir-2.1.5.tgz 3267ms (cache miss)
1285 timing reifyNode:node_modules/@types/babel__traverse Completed in 3688ms
1286 http fetch GET 200 https://registry.npmjs.org/js-tokens/-/js-tokens-4.0.0.tgz 3258ms (cache miss)
1287 timing reifyNode:node_modules/js-tokens Completed in 3692ms
1288 http fetch GET 200 https://registry.npmjs.org/picocolors/-/picocolors-1.1.1.tgz 3260ms (cache miss)
1289 timing reifyNode:node_modules/picocolors Completed in 3693ms
1290 http fetch GET 200 https://registry.npmjs.org/jsesc/-/jsesc-3.1.0.tgz 3256ms (cache miss)
1291 http fetch GET 200 https://registry.npmjs.org/debug/-/debug-4.4.3.tgz 3258ms (cache miss)
1292 timing reifyNode:node_modules/picomatch Completed in 3756ms
1293 http fetch GET 200 https://registry.npmjs.org/chokidar/-/chokidar-3.6.0.tgz 3356ms (cache miss)
1294 timing reifyNode:node_modules/braces Completed in 3764ms
1295 timing reifyNode:node_modules/postcss-value-parser Completed in 3768ms
1296 timing reifyNode:node_modules/@jridgewell/resolve-uri Completed in 3767ms
1297 http fetch GET 200 https://registry.npmjs.org/@babel/helper-validator-option/-/helper-validator-option-7.29.7.tgz 3340ms (cache miss)
1298 http fetch GET 200 https://registry.npmjs.org/@babel/helper-module-imports/-/helper-module-imports-7.29.7.tgz 3342ms (cache miss)
1299 http fetch GET 200 https://registry.npmjs.org/micromatch/-/micromatch-4.0.8.tgz 3340ms (cache miss)
1300 timing reifyNode:node_modules/micromatch Completed in 3773ms
1301 http fetch GET 200 https://registry.npmjs.org/@babel/helper-validator-identifier/-/helper-validator-identifier-7.29.7.tgz 3332ms (cache miss)
1302 http fetch GET 200 https://registry.npmjs.org/react-refresh/-/react-refresh-0.17.0.tgz 3334ms (cache miss)
1303 timing reifyNode:node_modules/@babel/helper-validator-option Completed in 3833ms
1304 timing reifyNode:node_modules/debug Completed in 3836ms
1305 timing metavuln:cache:put:security-advisory:@vitejs/plugin-react:0wQCaOjcD8j0E7CMKhLqaS736eOSJ1bx2S6fgASRE/T1guYEGWsGCQ7ThaaT9lDO/+W4PkJcRr36iPsISMLuLg== Completed in 1496ms
1306 timing metavuln:calculate:security-advisory:@vitejs/plugin-react:CReXW7o3cJZ0aN4nhg/gRV1E8OPJ2SoGmmUw6lY2bLjCfF70z3PbDKbutfCbWYbBHkeQ6W4F2IxffSmtDjtaNw== Completed in 1683ms
1307 timing reifyNode:node_modules/node-releases Completed in 3893ms
1308 timing reifyNode:node_modules/jsesc Completed in 3893ms
1309 timing reifyNode:node_modules/gensync Completed in 3894ms
1310 http fetch GET 200 https://registry.npmjs.org/@babel/plugin-transform-react-jsx-self/-/plugin-transform-react-jsx-self-7.29.7.tgz 3441ms (cache miss)
1311 timing reifyNode:node_modules/@babel/plugin-transform-react-jsx-self Completed in 3896ms
1312 http fetch GET 200 https://registry.npmjs.org/clsx/-/clsx-2.1.1.tgz 3440ms (cache miss)
1313 timing reifyNode:node_modules/reusify Completed in 3916ms
1314 timing reifyNode:node_modules/fastq Completed in 3917ms
1315 timing reifyNode:node_modules/chokidar Completed in 3918ms
1316 timing metavuln:cache:get:security-advisory:vite:tMBsdAS7JBTyRORp0YaJR984WAAsOxgmReSLBN0Nd41GhzEakjROICqAJ31iOdYG5Ijo/MlJ01p3ig1iN88+Tw== Completed in 46ms
1317 timing metavuln:load:security-advisory:vite:jKdCIzePj7J1488qgRXvF8Srh9wutSuR1exB8YooNX62hT+qhtrUXYbArLNoIhgwbaCqKpmduh18syZU7BR9SA== Completed in 143ms
1318 timing reifyNode:node_modules/motion-utils Completed in 4096ms
1319 http fetch GET 200 https://registry.npmjs.org/browserslist/-/browserslist-4.29.0.tgz 3685ms (cache miss)
1320 http fetch GET 200 https://registry.npmjs.org/semver/-/semver-6.3.1.tgz 3690ms (cache miss)
1321 http fetch GET 200 https://registry.npmjs.org/@types/prop-types/-/prop-types-15.7.15.tgz 3685ms (cache miss)
1322 timing reifyNode:node_modules/@types/prop-types Completed in 4138ms
1323 http fetch GET 200 https://registry.npmjs.org/@babel/plugin-transform-react-jsx-source/-/plugin-transform-react-jsx-source-7.29.7.tgz 3693ms (cache miss)
1324 timing reifyNode:node_modules/@babel/plugin-transform-react-jsx-source Completed in 4143ms
1325 http fetch GET 200 https://registry.npmjs.org/glob-parent/-/glob-parent-5.1.2.tgz 3686ms (cache miss)
1326 timing reifyNode:node_modules/fast-glob/node_modules/glob-parent Completed in 4157ms
1327 http fetch GET 200 https://registry.npmjs.org/@types/react-dom/-/react-dom-18.3.7.tgz 3693ms (cache miss)
1328 timing reifyNode:node_modules/semver Completed in 4204ms
1329 http fetch GET 200 https://registry.npmjs.org/@types/babel__core/-/babel__core-7.20.5.tgz 3757ms (cache miss)
1330 timing reifyNode:node_modules/@types/babel__core Completed in 4205ms
1331 http fetch GET 200 https://registry.npmjs.org/@rolldown/pluginutils/-/pluginutils-1.0.0-beta.27.tgz 3743ms (cache miss)
1332 timing reifyNode:node_modules/@rolldown/pluginutils Completed in 4218ms
1333 timing reifyNode:node_modules/@babel/helper-validator-identifier Completed in 4245ms
1334 http fetch GET 200 https://registry.npmjs.org/@types/canvas-confetti/-/canvas-confetti-1.9.0.tgz 3803ms (cache miss)
1335 timing reifyNode:node_modules/@types/canvas-confetti Completed in 4270ms
1336 timing reifyNode:node_modules/es-errors Completed in 4278ms
1337 http fetch GET 200 https://registry.npmjs.org/baseline-browser-mapping/-/baseline-browser-mapping-2.11.25.tgz 3867ms (cache miss)
1338 timing reifyNode:node_modules/browserslist Completed in 4292ms
1339 http fetch GET 200 https://registry.npmjs.org/@babel/code-frame/-/code-frame-7.29.7.tgz 3849ms (cache miss)
1340 timing reifyNode:node_modules/@babel/code-frame Completed in 4300ms
1341 timing reifyNode:node_modules/clsx Completed in 4301ms
1342 timing reifyNode:node_modules/@nodelib/fs.stat Completed in 4316ms
1343 timing reifyNode:node_modules/@babel/helper-module-imports Completed in 4322ms
1344 http fetch GET 200 https://registry.npmjs.org/canvas-confetti/-/canvas-confetti-1.9.4.tgz 3879ms (cache miss)
1345 http fetch GET 200 https://registry.npmjs.org/@vitejs/plugin-react/-/plugin-react-4.7.0.tgz 3880ms (cache miss)
1346 http fetch GET 200 https://registry.npmjs.org/glob-parent/-/glob-parent-5.1.2.tgz 3840ms (cache miss)
1347 timing reifyNode:node_modules/chokidar/node_modules/glob-parent Completed in 4345ms
1348 timing reifyNode:node_modules/baseline-browser-mapping Completed in 4349ms
1349 http fetch GET 200 https://registry.npmjs.org/tslib/-/tslib-2.8.1.tgz 3936ms (cache miss)
1350 timing reifyNode:node_modules/@types/react-dom Completed in 4351ms
1351 timing reifyNode:node_modules/@babel/compat-data Completed in 4373ms
1352 http fetch GET 200 https://registry.npmjs.org/fdir/-/fdir-6.5.0.tgz 3921ms (cache miss)
1353 timing reifyNode:node_modules/react-refresh Completed in 4419ms
1354 timing reifyNode:node_modules/canvas-confetti Completed in 4421ms
1355 http fetch GET 200 https://registry.npmjs.org/picomatch/-/picomatch-4.0.7.tgz 3967ms (cache miss)
1356 http fetch GET 200 https://registry.npmjs.org/scheduler/-/scheduler-0.23.2.tgz 4041ms (cache miss)
1357 timing reifyNode:node_modules/tslib Completed in 4451ms
1358 timing reifyNode:node_modules/@vitejs/plugin-react Completed in 4450ms
1359 timing reifyNode:node_modules/tinyglobby/node_modules/fdir Completed in 4496ms
1360 http fetch GET 200 https://registry.npmjs.org/@babel/helper-compilation-targets/-/helper-compilation-targets-7.29.7.tgz 4079ms (cache miss)
1361 timing reifyNode:node_modules/tinyglobby/node_modules/picomatch Completed in 4530ms
1362 timing reifyNode:node_modules/scheduler Completed in 4532ms
1363 http fetch GET 200 https://registry.npmjs.org/electron-to-chromium/-/electron-to-chromium-1.5.434.tgz 4117ms (cache miss)
1364 timing metavuln:cache:put:security-advisory:vite:tMBsdAS7JBTyRORp0YaJR984WAAsOxgmReSLBN0Nd41GhzEakjROICqAJ31iOdYG5Ijo/MlJ01p3ig1iN88+Tw== Completed in 486ms
1365 timing metavuln:calculate:security-advisory:vite:jKdCIzePj7J1488qgRXvF8Srh9wutSuR1exB8YooNX62hT+qhtrUXYbArLNoIhgwbaCqKpmduh18syZU7BR9SA== Completed in 676ms
1366 timing auditReport:init Completed in 4030ms
1367 timing reify:audit Completed in 4583ms
1368 timing reifyNode:node_modules/electron-to-chromium Completed in 4633ms
1369 timing reifyNode:node_modules/@babel/helper-compilation-targets Completed in 4669ms
1370 timing reifyNode:node_modules/nanoid Completed in 4676ms
1371 timing reifyNode:node_modules/any-promise Completed in 4693ms
1372 http fetch GET 200 https://registry.npmjs.org/@babel/template/-/template-7.29.7.tgz 4285ms (cache miss)
1373 http fetch GET 200 https://registry.npmjs.org/@babel/helper-module-transforms/-/helper-module-transforms-7.29.7.tgz 4314ms (cache miss)
1374 timing reifyNode:node_modules/@nodelib/fs.scandir Completed in 4870ms
1375 timing reifyNode:node_modules/@nodelib/fs.walk Completed in 4875ms
1376 timing reifyNode:node_modules/@babel/template Completed in 4876ms
1377 timing reifyNode:node_modules/@babel/helper-module-transforms Completed in 4898ms
1378 http fetch GET 200 https://registry.npmjs.org/fraction.js/-/fraction.js-5.3.4.tgz 4529ms (cache miss)
1379 timing reifyNode:node_modules/fraction.js Completed in 4993ms
1380 http fetch GET 200 https://registry.npmjs.org/source-map-js/-/source-map-js-1.2.1.tgz 4543ms (cache miss)
1381 http fetch GET 200 https://registry.npmjs.org/json5/-/json5-2.2.3.tgz 4609ms (cache miss)
1382 timing reifyNode:node_modules/source-map-js Completed in 5144ms
1383 timing reifyNode:node_modules/json5 Completed in 5171ms
1384 timing reifyNode:node_modules/@jridgewell/remapping Completed in 5232ms
1385 http fetch GET 200 https://registry.npmjs.org/@jridgewell/gen-mapping/-/gen-mapping-0.3.13.tgz 4906ms (cache miss)
1386 http fetch GET 200 https://registry.npmjs.org/react/-/react-18.3.1.tgz 4904ms (cache miss)
1387 timing reifyNode:node_modules/@jridgewell/gen-mapping Completed in 5414ms
1388 timing reifyNode:node_modules/react Completed in 5428ms
1389 http fetch GET 200 https://registry.npmjs.org/@jridgewell/sourcemap-codec/-/sourcemap-codec-1.6.0.tgz 4973ms (cache miss)
1390 http fetch GET 200 https://registry.npmjs.org/@types/react/-/react-18.3.31.tgz 5067ms (cache miss)
1391 timing reifyNode:node_modules/@jridgewell/sourcemap-codec Completed in 5580ms
1392 http fetch GET 200 https://registry.npmjs.org/postcss-selector-parser/-/postcss-selector-parser-6.1.4.tgz 5223ms (cache miss)
1393 timing reifyNode:node_modules/@types/react Completed in 5661ms
1394 timing reifyNode:node_modules/postcss-selector-parser Completed in 5675ms
1395 http fetch GET 200 https://registry.npmjs.org/@jridgewell/trace-mapping/-/trace-mapping-0.3.31.tgz 5390ms (cache miss)
1396 timing reifyNode:node_modules/@jridgewell/trace-mapping Completed in 5862ms
1397 http fetch GET 200 https://registry.npmjs.org/fast-glob/-/fast-glob-3.3.3.tgz 5664ms (cache miss)
1398 timing reifyNode:node_modules/fast-glob Completed in 6151ms
1399 http fetch GET 200 https://registry.npmjs.org/csstype/-/csstype-3.2.3.tgz 5880ms (cache miss)
1400 http fetch GET 200 https://registry.npmjs.org/postcss/-/postcss-8.5.28.tgz 5905ms (cache miss)
1401 timing reifyNode:node_modules/csstype Completed in 6390ms
1402 http fetch GET 200 https://registry.npmjs.org/@babel/generator/-/generator-7.29.8.tgz 5957ms (cache miss)
1403 http fetch GET 200 https://registry.npmjs.org/tailwind-merge/-/tailwind-merge-2.6.1.tgz 5971ms (cache miss)
1404 timing reifyNode:node_modules/postcss Completed in 6449ms
1405 timing reifyNode:node_modules/@babel/generator Completed in 6456ms
1406 timing reifyNode:node_modules/tailwind-merge Completed in 6479ms
1407 http fetch GET 200 https://registry.npmjs.org/autoprefixer/-/autoprefixer-10.6.1.tgz 6383ms (cache miss)
1408 timing reifyNode:node_modules/autoprefixer Completed in 6895ms
1409 http fetch GET 200 https://registry.npmjs.org/@rollup/rollup-linux-arm64-gnu/-/rollup-linux-arm64-gnu-4.63.4.tgz 6846ms (cache miss)
1410 timing reifyNode:node_modules/@rollup/rollup-linux-arm64-gnu Completed in 7151ms
1411 http fetch GET 200 https://registry.npmjs.org/motion-dom/-/motion-dom-11.18.1.tgz 6737ms (cache miss)
1412 timing reifyNode:node_modules/motion-dom Completed in 7225ms
1413 http fetch GET 200 https://registry.npmjs.org/@rollup/rollup-linux-arm64-musl/-/rollup-linux-arm64-musl-4.63.4.tgz 6936ms (cache miss)
1414 timing reifyNode:node_modules/@rollup/rollup-linux-arm64-musl Completed in 7246ms
1415 http fetch GET 200 https://registry.npmjs.org/@babel/traverse/-/traverse-7.29.8.tgz 6949ms (cache miss)
1416 http fetch GET 200 https://registry.npmjs.org/jiti/-/jiti-1.21.7.tgz 6996ms (cache miss)
1417 timing reifyNode:node_modules/@babel/traverse Completed in 7434ms
1418 timing reifyNode:node_modules/jiti Completed in 7437ms
1419 http fetch GET 200 https://registry.npmjs.org/@babel/parser/-/parser-7.29.9.tgz 7037ms (cache miss)
1420 timing reifyNode:node_modules/@babel/parser Completed in 7507ms
1421 http fetch GET 200 https://registry.npmjs.org/resolve/-/resolve-1.22.12.tgz 8212ms (cache miss)
1422 timing reifyNode:node_modules/resolve Completed in 8624ms
1423 http fetch GET 200 https://registry.npmjs.org/rollup/-/rollup-4.63.4.tgz 8330ms (cache miss)
1424 timing reifyNode:node_modules/rollup Completed in 8676ms
1425 http fetch GET 200 https://registry.npmjs.org/@babel/core/-/core-7.29.7.tgz 8495ms (cache miss)
1426 timing reifyNode:node_modules/@babel/core Completed in 8982ms
1427 http fetch GET 200 https://registry.npmjs.org/vite/-/vite-5.4.21.tgz 8902ms (cache miss)
1428 timing reifyNode:node_modules/vite Completed in 9393ms
1429 http fetch GET 200 https://registry.npmjs.org/@babel/helpers/-/helpers-7.29.7.tgz 9318ms (cache miss)
1430 timing reifyNode:node_modules/@babel/helpers Completed in 9788ms
1431 http fetch GET 200 https://registry.npmjs.org/react-dom/-/react-dom-18.3.1.tgz 9593ms (cache miss)
1432 timing reifyNode:node_modules/react-dom Completed in 10078ms
1433 http fetch GET 200 https://registry.npmjs.org/sucrase/-/sucrase-3.35.1.tgz 9802ms (cache miss)
1434 timing reifyNode:node_modules/sucrase Completed in 10220ms
1435 http fetch GET 200 https://registry.npmjs.org/@babel/types/-/types-7.29.8.tgz 10665ms (cache miss)
1436 timing reifyNode:node_modules/@babel/types Completed in 11146ms
1437 http fetch GET 200 https://registry.npmjs.org/@esbuild/linux-arm64/-/linux-arm64-0.21.5.tgz 12817ms (cache miss)
1438 timing reifyNode:node_modules/@esbuild/linux-arm64 Completed in 13142ms
1439 http fetch GET 200 https://registry.npmjs.org/tailwindcss/-/tailwindcss-3.4.19.tgz 13517ms (cache miss)
1440 timing reifyNode:node_modules/tailwindcss Completed in 14001ms
1441 http fetch GET 200 https://registry.npmjs.org/framer-motion/-/framer-motion-11.18.2.tgz 14956ms (cache miss)
1442 timing reifyNode:node_modules/framer-motion Completed in 15415ms
1443 http fetch GET 200 https://registry.npmjs.org/caniuse-lite/-/caniuse-lite-1.0.30001810.tgz 16164ms (cache miss)
1444 timing reifyNode:node_modules/caniuse-lite Completed in 16594ms
1445 http fetch GET 200 https://registry.npmjs.org/typescript/-/typescript-5.9.3.tgz 19863ms (cache miss)
1446 timing reifyNode:node_modules/typescript Completed in 20369ms
1447 http fetch GET 200 https://registry.npmjs.org/lucide-react/-/lucide-react-0.475.0.tgz 27017ms (cache miss)
1448 timing reifyNode:node_modules/lucide-react Completed in 27490ms
1449 timing reify:unpack Completed in 27500ms
1450 timing reify:unretire Completed in 1ms
1451 timing build:queue Completed in 81ms
1452 timing build:link:node_modules/@babel/parser Completed in 134ms
1453 timing build:link:node_modules/baseline-browser-mapping Completed in 136ms
1454 timing build:link:node_modules/jiti Completed in 129ms
1455 timing build:link:node_modules/esbuild Completed in 131ms
1456 timing build:link:node_modules/cssesc Completed in 133ms
1457 timing build:link:node_modules/autoprefixer Completed in 139ms
1458 timing build:link:node_modules/loose-envify Completed in 122ms
1459 timing build:link:node_modules/nanoid Completed in 119ms
1460 timing build:link:node_modules/resolve Completed in 117ms
1461 timing build:link:node_modules/json5 Completed in 128ms
1462 timing build:link:node_modules/rollup Completed in 116ms
1463 timing build:link:node_modules/jsesc Completed in 129ms
1464 timing build:link:node_modules/browserslist Completed in 137ms
1465 timing build:link:node_modules/sucrase Completed in 112ms
1466 timing build:link:node_modules/vite Completed in 101ms
1467 timing build:link:node_modules/tailwindcss Completed in 112ms
1468 timing build:link:node_modules/typescript Completed in 108ms
1469 timing build:link:node_modules/update-browserslist-db Completed in 105ms
1470 timing build:link:node_modules/semver Completed in 114ms
1471 timing build:link Completed in 147ms
1472 info run esbuild@0.21.5 postinstall node_modules/esbuild node install.js
1473 info run esbuild@0.21.5 postinstall { code: 0, signal: null }
1474 timing build:run:postinstall:node_modules/esbuild Completed in 422ms
1475 timing build:run:postinstall Completed in 424ms
1476 timing build:deps Completed in 653ms
1477 timing build Completed in 654ms
1478 timing reify:build Completed in 655ms
1479 timing reify:trash Completed in 77ms
1480 timing reify:save Completed in 135ms
1481 timing reify Completed in 41087ms
1482 silly ADD node_modules/@types/estree
1483 silly ADD
1484 silly ADD
1485 silly ADD
1486 silly ADD
1487 silly ADD
1488 silly ADD
1489 silly ADD
1490 silly ADD
1491 silly ADD
1492 silly ADD
1493 silly ADD
1494 silly ADD
1495 silly ADD
1496 silly ADD
1497 silly ADD
1498 silly ADD node_modules/@rollup/rollup-linux-arm64-musl
1499 silly ADD node_modules/@rollup/rollup-linux-arm64-gnu
1500 silly ADD
1501 silly ADD
1502 silly ADD
1503 silly ADD
1504 silly ADD
1505 silly ADD
1506 silly ADD
1507 silly ADD
1508 silly ADD
1509 silly ADD
1510 silly ADD
1511 silly ADD
1512 silly ADD
1513 silly ADD
1514 silly ADD
1515 silly ADD
1516 silly ADD
1517 silly ADD
1518 silly ADD
1519 silly ADD
1520 silly ADD
1521 silly ADD
1522 silly ADD node_modules/@esbuild/linux-arm64
1523 silly ADD
1524 silly ADD
1525 silly ADD
1526 silly ADD
1527 silly ADD
1528 silly ADD
1529 silly ADD
1530 silly ADD
1531 silly ADD
1532 silly ADD node_modules/rollup
1533 silly ADD node_modules/esbuild
1534 silly ADD node_modules/escalade
1535 silly ADD node_modules/is-number
1536 silly ADD node_modules/thenify
1537 silly ADD node_modules/thenify-all
1538 silly ADD node_modules/object-assign
1539 silly ADD node_modules/any-promise
1540 silly ADD node_modules/ts-interface-checker
1541 silly ADD node_modules/tinyglobby
1542 silly ADD node_modules/tinyglobby/node_modules/picomatch
1543 silly ADD node_modules/tinyglobby/node_modules/fdir
1544 silly ADD node_modules/pirates
1545 silly ADD node_modules/mz
1546 silly ADD node_modules/lines-and-columns
1547 silly ADD node_modules/commander
1548 silly ADD node_modules/queue-microtask
1549 silly ADD node_modules/function-bind
1550 silly ADD node_modules/hasown
1551 silly ADD node_modules/supports-preserve-symlinks-flag
1552 silly ADD node_modules/path-parse
1553 silly ADD node_modules/is-core-module
1554 silly ADD node_modules/es-errors
1555 silly ADD node_modules/util-deprecate
1556 silly ADD node_modules/cssesc
1557 silly ADD node_modules/camelcase-css
1558 silly ADD node_modules/read-cache
1559 silly ADD node_modules/is-extglob
1560 silly ADD node_modules/binary-extensions
1561 silly ADD node_modules/to-regex-range
1562 silly ADD node_modules/reusify
1563 silly ADD node_modules/run-parallel
1564 silly ADD node_modules/fastq
1565 silly ADD node_modules/@nodelib/fs.scandir
1566 silly ADD node_modules/merge2
1567 silly ADD node_modules/@nodelib/fs.walk
1568 silly ADD node_modules/@nodelib/fs.stat
1569 silly ADD node_modules/fill-range
1570 silly ADD node_modules/picomatch
1571 silly ADD node_modules/readdirp
1572 silly ADD node_modules/is-binary-path
1573 silly ADD
1574 silly ADD node_modules/braces
1575 silly ADD node_modules/anymatch
1576 silly ADD node_modules/sucrase
1577 silly ADD node_modules/resolve
1578 silly ADD node_modules/postcss-selector-parser
1579 silly ADD node_modules/postcss-nested
1580 silly ADD node_modules/postcss-load-config
1581 silly ADD node_modules/postcss-js
1582 silly ADD node_modules/postcss-import
1583 silly ADD node_modules/object-hash
1584 silly ADD node_modules/normalize-path
1585 silly ADD node_modules/micromatch
1586 silly ADD node_modules/lilconfig
1587 silly ADD node_modules/jiti
1588 silly ADD node_modules/is-glob
1589 silly ADD node_modules/glob-parent
1590 silly ADD node_modules/fast-glob
1591 silly ADD node_modules/fast-glob/node_modules/glob-parent
1592 silly ADD node_modules/dlv
1593 silly ADD node_modules/didyoumean
1594 silly ADD node_modules/chokidar
1595 silly ADD node_modules/chokidar/node_modules/glob-parent
1596 silly ADD node_modules/arg
1597 silly ADD node_modules/@alloc/quick-lru
1598 silly ADD node_modules/scheduler
1599 silly ADD node_modules/loose-envify
1600 silly ADD node_modules/source-map-js
1601 silly ADD node_modules/nanoid
1602 silly ADD node_modules/yallist
1603 silly ADD node_modules/tslib
1604 silly ADD node_modules/motion-utils
1605 silly ADD node_modules/motion-dom
1606 silly ADD node_modules/ms
1607 silly ADD node_modules/update-browserslist-db
1608 silly ADD node_modules/node-releases
1609 silly ADD node_modules/electron-to-chromium
1610 silly ADD node_modules/baseline-browser-mapping
1611 silly ADD node_modules/postcss-value-parser
1612 silly ADD node_modules/fraction.js
1613 silly ADD node_modules/caniuse-lite
1614 silly ADD node_modules/@types/babel__traverse
1615 silly ADD node_modules/@types/babel__template
1616 silly ADD node_modules/@types/babel__generator
1617 silly ADD node_modules/@jridgewell/resolve-uri
1618 silly ADD node_modules/@jridgewell/sourcemap-codec
1619 silly ADD node_modules/@babel/helper-string-parser
1620 silly ADD node_modules/@babel/helper-globals
1621 silly ADD node_modules/@babel/helper-plugin-utils
1622 silly ADD node_modules/@babel/helper-module-imports
1623 silly ADD node_modules/lru-cache
1624 silly ADD node_modules/browserslist
1625 silly ADD node_modules/@babel/helper-validator-option
1626 silly ADD node_modules/@babel/compat-data
1627 silly ADD node_modules/jsesc
1628 silly ADD node_modules/@jridgewell/trace-mapping
1629 silly ADD node_modules/@jridgewell/gen-mapping
1630 silly ADD node_modules/picocolors
1631 silly ADD node_modules/js-tokens
1632 silly ADD node_modules/@babel/helper-validator-identifier
1633 silly ADD node_modules/semver
1634 silly ADD node_modules/json5
1635 silly ADD node_modules/gensync
1636 silly ADD node_modules/debug
1637 silly ADD node_modules/convert-source-map
1638 silly ADD node_modules/@jridgewell/remapping
1639 silly ADD node_modules/@babel/types
1640 silly ADD node_modules/@babel/traverse
1641 silly ADD node_modules/@babel/template
1642 silly ADD node_modules/@babel/parser
1643 silly ADD node_modules/@babel/helpers
1644 silly ADD node_modules/@babel/helper-module-transforms
1645 silly ADD node_modules/@babel/helper-compilation-targets
1646 silly ADD node_modules/@babel/generator
1647 silly ADD node_modules/@babel/code-frame
1648 silly ADD node_modules/react-refresh
1649 silly ADD node_modules/@types/babel__core
1650 silly ADD node_modules/@rolldown/pluginutils
1651 silly ADD node_modules/@babel/plugin-transform-react-jsx-source
1652 silly ADD node_modules/@babel/plugin-transform-react-jsx-self
1653 silly ADD node_modules/@babel/core
1654 silly ADD node_modules/csstype
1655 silly ADD node_modules/@types/prop-types
1656 silly ADD node_modules/typescript
1657 silly ADD node_modules/tailwindcss
1658 silly ADD node_modules/tailwind-merge
1659 silly ADD node_modules/react-dom
1660 silly ADD node_modules/react
1661 silly ADD node_modules/lucide-react
1662 silly ADD node_modules/framer-motion
1663 silly ADD node_modules/clsx
1664 silly ADD node_modules/canvas-confetti
1665 silly ADD node_modules/postcss
1666 silly ADD node_modules/autoprefixer
1667 silly ADD node_modules/vite
1668 silly ADD node_modules/@vitejs/plugin-react
1669 silly ADD node_modules/@types/react-dom
1670 silly ADD node_modules/@types/react
1671 silly ADD node_modules/@types/canvas-confetti
1672 timing command:install Completed in 41141ms
1673 verbose exit 0
1674 timing npm Completed in 41385ms
1675 info ok
